,glib-version,ninja-version,libfabric-version,m4-version,openssh-version,trilinos-version,python-version,gdbm-version,openmpi-version,sqlite-version,libtool-version,mpich-version,autoconf-version,libpciaccess-version,cmake-version,pcre-version,perl-version,numactl-version,libevent-version,hwloc-version,automake-version,openblas-version,axl-version,rankstr-version,er-version,kvtree-version,redset-version,boost-version,libpthread-stubs-version,shuffile-version,papyrus-version,phist-version,mpark-variant-version,hdf5-version,conduit-version,vtk-h-version,ascent-version,omega-h-version,sparsehash-version,bwa-version,abyss-version,libquo-version,raja-version,hypre-version,umpire-version,lua-version,blt-version,camp-version,axom-version,parallel-netcdf-version,kokkos-version,arborx-version,spath-version,mercury-version,gotcha-version,unifyfs-version,mochi-margo-version,petsc-version,superlu-dist-version,py-petsc4py-version,py-mpi4py-version,parmetis-version,py-numpy-version,libmng-version,pcre2-version,libx11-version,fontconfig-version,qt-version,libsm-version,swig-version,libunwind-version,harfbuzz-version,libxrender-version,double-conversion-version,qwt-version,libjpeg-turbo-version,rempi-version,libyogrt-version,scr-version,dtcmp-version,c-blosc-version,sz-version,adios-version,zfp-version,zstd-version,py-psutil-version,py-libensemble-version,pumi-version,pdt-version,arpack-ng-version,slepc-version,tasmanian-version,blaspp-version,lapackpp-version,slate-version,netlib-scalapack-version,qthreads-version,amrex-version,libzmq-version,libsodium-version,papi-compiler_version,papi-version,tcl-version,turbine-version,adlbx-version,exmcutils-version,zsh-version,nlohmann-json-version,adios2-version,openpmd-api-version,variorum-version,plasma-version,metall-version,kokkos-kernels-version,sundials-version,upcxx-version,superlu-version
darkred,2.64.6,1.8.2,1.13.1,1.4.17,8.3p1,12.6.4,3.6.8,1.14.1,2.1.6,3.35.4,2.4.6,3.2.1,2.62,0.13.5,3.19.8,8.42,5.30.0,2.0.12,2.0.17,1.11.11,1.16.1,0.2.18,0.4.0,0.1.0,0.1.0,1.2.0,0.0.5,1.68.0,0.4,0.0.4,1.0.0,1.6.0,1.4.0,1.8.22,develop,0.6.9,0.7.1,main,2.0.3,0.7.13,2.2.5,1.3,0.12.1,2.16.0,5.0.0,5.1.5,0.4.1,0.2.2,0.3.3,1.11.0,3.1.01,1.1,0.1.0,0.9.0,develop,0.9.1,0.5.1,3.16.0,6.0.0,3.14.1,3.0.3,4.0.2,1.21.2,2.0.2,10.20,1.6.7,2.13.93,4.8.6,1.2.3,3.0.11,1.5-head,1.4.6,0.9.9,3.1.5,6.1.4,2.0.5,1.0.0,1.23,3.0rc2,1.1.2,1.21.0,2.1.8.3,1.13.1,0.5.1,1.4.2,5.6.2,develop,2.2.5,3.20,3.6.3,3.15.0,develop,2020.10.02,2020.10.02,2020.10.00,2.0.2,1.10,18.10,4.3.1,1.0.18,7.3.0,6.0.0,8.6.8,1.2.3,1.0.0,0.5.7,5.7.1,3.10.0,2.7.0,0.11.1,0.4.0,21.8.29,0.10,3.1.00,3.2.0,2021.3.0,5.3.0
lavenderblush,2.64.5,1.7.2,1.12.1,1.4.19,8.6p1,12.10.1,3.6.13,1.19,3.1.4,3.32.03,develop,develop,2.59,0.13.4,3.15.7,8.44,5.35.0,2.0.11,2.0.21,2.4.1,1.14.1,0.3.5,0.5.0,0.0.3,main,1.1.1,0.1.0,1.64.0,0.3,0.1.0,1.0.2,1.9.3,1.3.0,develop-1.8,0.7.2,develop,develop,9.13.14,2.0.4,0.7.17,2.3.0,1.2.9,0.14.0,2.18.2,2.1.0,5.2.3,develop,0.1.0,0.5.0,master,3.3.01,1.0,0.0.1,2.1.0,1.0.3,develop,0.4.3,3.14.3,7.1.0,3.15.4,3.1.2,4.0.3,1.19.5,2.0.3,10.36,1.6.3,2.13.94,4.8.7,1.2.2,2.0.2,1.4.0,2.6.8,0.9.10,1.1.4,6.1.3,2.0.4,1.1.0,1.20-3,legacy,1.1.0,1.16.3,1.4.11.1,1.13.0,0.5.5,1.5.0,5.5.1,0.7.2,2.2.2,3.25,3.4.0,3.13.1,7.1,2021.04.01,master,2021.05.01,2.1.0,1.15,21.04,4.3.2,1.0.3,9.3.1,5.4.3,8.6.10,master,master,0.6.0,5.6.2,3.10.4,master,0.13.2,0.4.1,18.11.1,0.12,3.0.00,5.6.1,2021.9.0,5.2.2
seashell,2.66.2,master,1.12.0,1.4.17,7.9p1,12.18.1,3.6.4,1.21,4.1.2,3.35.5,develop,3.4,2.69,0.16,3.21.2,8.38,5.33.3,2.0.14,2.1.12,2.0.2,1.15,0.2.15,0.3.0,0.0.3,0.0.3,1.2.0,0.0.5,1.56.0,0.4,0.1.0,master,1.7.4,1.3.0,1.8.14,0.7.0,0.7.1,0.7.0,9.15.0,2.0.3,0.7.12,2.3.1,1.3.1,0.10.0,2.15.1,4.1.0,5.2.2,0.4.0,0.2.2,0.3.3,1.11.1,3.1.00,master,0.0.2,2.0.1,master,0.9.2,0.7,3.14.1,5.1.2,3.15.2,3.0.3,4.0.3,1.18.3,2.0.2,10.31,1.7.0,2.13.94,5.6.3,1.2.3,3.0.2,1.5.0,2.9.1,0.9.9,1.1.3,6.1.6,2.0.2,1.1.0,1.24,3.0rc1,1.0.3,1.12.1,2.1.8.1,1.12.0,0.5.2,1.1.2,5.0.1,0.8.0,2.2.1,3.22.1,3.6.2,3.15.2,6.0,master,2021.04.00,2021.05.02,2.0.2,1.12,21.08,4.0.6,1.0.3,9.3.1,master,8.6.5,1.3.0,0.9.1,master,5.4.2,3.10.2,2.7.1,develop,0.1.0,20.9.20,0.16,3.2.00,5.8.0,2020.11.0,5.2.1
cornflowerblue,2.70.2,1.9.0,1.10.1,1.4.19,8.4p1,12.14.1,3.6.0,1.19,2.1.4,3.28.0,2.4.6,3.0.4,2.59,0.16,3.6.1,8.43,5.32.1,2.0.12,2.0.22,2.6.0,1.16.2,0.3.9,main,0.1.0,0.0.4,1.1.1,0.1.0,1.72.0,0.3,0.0.4,1.0.1,1.7.5,1.4.0,1.10.3,0.7.1,0.7.0,develop,9.13.13,2.0.4,0.7.15,2.0.2,1.3.1,0.13.0,2.23.0,4.0.1,5.3.5,0.3.6,0.1.0,0.5.0,1.10.0,3.2.00,1.0,main,1.0.1,1.0.3,0.9.2,0.6,3.15.4,6.3.1,3.15.1,3.1.2,4.0.2,1.18.1,2.0.3,10.36,1.6.3,2.13.93,4.8.5,1.2.2,2.0.12,1.3.1,2.3.1,0.9.10,3.1.5,6.1.6,2.1.0,1.0.0,1.20-5,2.0.0,1.1.1,1.16.3,1.4.13.3,develop,0.5.3,1.4.4,5.7.2,0.7.1,master,3.22,3.7.0,3.13.4,5.1,2021.04.01,2021.04.00,master,2.1.0,1.11,develop,4.2.2,1.0.18,7.3.0,5.7.0,8.6.11,1.2.3,0.9.2,master,5.3.1,3.9.1,master,0.13.0,0.3.0,17.1,0.15,master,5.2.0,develop,5.2.2
crimson,2.66.6,1.10.2,1.8.1,1.4.19,8.7p1,12.6.2,3.8.9,1.21,2.1.3,3.34.0,develop,3.1.2,2.62,0.13.4,3.16.3,8.40,5.34.0,2.0.11,2.1.11,1.11.12,1.15.1,0.2.16,0.3.0,0.0.3,main,1.1.1,0.0.5,1.67.0,0.4,0.1.0,1.0.2,1.7.2,1.3.0,1.10.0,0.6.0,develop,0.7.0,9.34.1,2.0.3,0.7.15,2.1.4,1.3,develop,2.17.0,0.3.4,5.1.5,main,0.2.2,0.3.3,1.12.2,3.0.00,master,0.0.2,master,master,develop,0.5,3.13.6,5.2.2,3.15.5,3.1.2,4.0.2,1.21.1,2.0.3,10.31,1.6.7,2.13.93,5.12.10,1.2.3,fortran,1.2.1,2.1.3,0.9.10,1.1.4,6.1.3,2.0.2,1.1.0,1.20-4,2.0.0,1.1.3,1.21.0,1.4.13.5,1.10.0,0.5.4,1.4.7,5.8.0,develop,2.2.4,3.18.1,develop,3.15.1,7.0,master,master,2020.10.00,2.0.2,1.14,20.02,4.1.2,1.0.18,7.3.0,5.5.1,8.6.6,master,1.0.0,0.6.0,5.8,3.10.2,2.7.0,0.14.3,0.3.0,19.8.1,0.17,3.4.01,5.5.0,2020.3.0,5.3.0
lightsteelblue,2.64.5,1.10.0,1.13.2,1.4.17,8.1p1,12.8.1,3.5.0,1.14.1,1.7.4,3.31.1,2.4.6,3.3,2.69,0.13.5,3.17.4,8.41,5.30.2,2.0.14,2.0.20,1.11.7,1.13.4,0.3.17,0.4.0,0.1.0,0.1.0,1.2.0,0.1.0,1.75.0,0.3,0.0.4,master,1.8.0,1.4.0,1.8.10,0.6.0,0.7.0,0.7.1,9.32.5,2.0.4,0.7.12,2.3.0,1.2.9,0.14.0,2.20.0,2.0.0,5.2.3,0.4.1,0.1.0,0.5.0,1.8.1,master,1.1,main,1.0.0,develop,0.9.1,0.4.5,3.14.0,6.2.0,3.15.4,3.0.3,4.0.3,1.16.6,2.0.2,10.20,1.7.0,2.13.94,5.14.2,1.2.2,4.0.2-fortran,master,2.6.8,0.9.9,1.1.3,6.1.4,2.0.4,1.0.0,1.20-2,legacy,1.1.1,1.12.1,1.4.13.4,1.12.0,develop,1.4.0,5.4.5,0.7.2,2.1.0,3.25.1,3.8.0,3.16.0,7.7,2020.10.02,2020.10.02,master,2.1.0,1.16,21.05,4.1.4,1.0.3,9.3.1,6.0.0.1,8.6.4,1.3.0,0.9.1,0.5.7,5.1.1,3.10.0,2.7.1,0.13.3,0.4.1,21.8.29,develop,develop,5.3.0,2020.10.0,5.2.1
violet,2.66.6,1.6.0,1.8.0,1.4.19,8.5p1,12.12.1,2.7.9,1.14.1,4.0.2,3.36.0,develop,3.1.3,2.59,0.13.5,3.16.4,8.39,5.30.1,2.0.12,2.1.8,1.11.6,1.16.3,0.3.8,0.5.0,0.0.3,0.0.3,1.1.1,0.0.5,1.57.0,0.4,0.0.4,1.0.0,1.9.2,1.3.0,1.8.19,develop,0.7.1,0.7.0,9.29.0,2.0.4,0.7.13,2.0.2,1.2.9,0.12.1,2.14.0,4.1.2,5.3.5,0.4.0,0.2.2,0.3.3,1.12.1,3.4.00,1.1,0.1.0,2.0.0,develop,develop,0.6.3,3.15.3,develop,3.15.5,3.0.3,4.0.3,1.20.1,2.0.3,10.20,1.6.3,2.13.94,5.9.9,1.2.3,3.0.8,1.5-head,2.3.1,0.9.10,1.1.3,6.1.4,2.0.5,1.0.0,1.20-6,3.0rc1,1.1.3,1.16.3,2.1.9,develop,0.5.3,1.4.3,5.7.2,0.7.1,2.2.3,3.24,3.5.0,3.16.1,7.5,master,2021.04.00,2021.05.01,2.1.0,1.16,20.01,4.0.5,1.0.18,7.3.0,5.4.1,8.6.3,1.3.0,master,master,5.8,3.9.1,master,0.14.2,0.4.0,18.11.1,master,3.1.00,5.1.0,master,5.2.1
blanchedalmond,2.70.2,kitware,1.6.2,1.4.17,8.7p1,12.6.3,3.2.6,1.21,2.0.2,3.27.2,2.4.6,3.4.1,2.62,0.13.4,3.12.4,8.44,5.30.3,2.0.14,2.1.12,2.3.0,1.16.2,0.3.13,main,0.1.0,0.0.4,1.2.0,0.1.0,1.71.0,0.3,0.1.0,1.0.1,1.9.5,1.4.0,1.12.1,0.7.1,0.6.9,0.7.1,9.14.0,2.0.3,0.7.17,2.2.5,1.3.1,0.10.0,develop,5.0.1,5.2.2,0.3.6,0.1.0,0.5.0,1.11.2,develop,master,0.0.1,master,1.0.3,0.9.2,0.9.4,3.13.1,6.3.0,3.15.2,3.1.2,4.0.2,1.18.4,2.0.2,10.36,1.6.7,2.13.93,5.15.2,1.2.2,4.0.1,1.4.0,2.1.3,0.9.9,3.1.5,6.1.6,2.1.0,1.1.0,1.20-7,3.0rc2,1.1.0,1.21.0,1.4.13.2,1.13.1,0.5.1,develop,5.8.0,0.8.0,2.2.0,3.21,3.6.0,3.14.2,5.0,2021.04.01,2020.10.02,2021.05.02,2.0.2,1.14,20.09,4.0.7,1.0.3,9.3.1,5.3.0,8.5.19,1.2.3,0.9.2,0.6.0,5.4.2,3.10.4,2.7.1,0.14.1,0.1.0,20.9.20,0.11,develop,5.7.0,2020.10.0,5.2.2
darkorchid,2.64.6,1.10.1,1.14.0,1.4.17,8.5p1,13.0.1,2.7.17,1.19,3.1.6,3.30.1,2.4.6,3.2,2.69,0.16,3.11.3,8.40,5.26.2,2.0.11,2.1.11,1.11.9,1.16.3,0.3.15,0.4.0,0.1.0,0.0.4,1.1.1,0.1.0,1.55.0,0.3,0.1.0,1.0.1,1.9.4,1.4.0,develop-1.12,0.7.0,0.7.0,develop,9.15.0,2.0.4,0.7.12,2.3.1,1.3,0.13.0,2.15.0,4.0.0,5.2.3,main,0.1.0,0.5.0,1.7.0,3.4.01,1.0,0.0.1,2.1.0,master,0.9.1,0.6.1,3.16.2,5.4.0,3.14.1,3.0.3,4.0.3,1.18.0,2.0.3,10.31,1.7.0,2.13.93,5.15.2,1.2.3,4.0.0,1.2.1,1.4.6,0.9.10,1.1.4,6.1.3,2.1.0,1.0.0,1.20-4,legacy,1.1.2,1.12.1,1.4.10.0,1.10.0,develop,1.4.5,5.4.5,0.7.1,2.2.6,3.23,3.6.3,3.14.0,7.3,2020.10.02,master,master,2.1.0,1.11,21.01,4.2.5,1.0.3,7.3.0,5.5.0,8.5.19,master,0.9.2,0.5.7,5.6.2,3.9.1,2.7.0,0.14.0,0.4.1,17.1,0.9,master,3.2.1,2020.3.0,5.3.0
coral,2.66.2,1.10.2,1.7.1,1.4.19,8.1p1,12.6.1,3.5.9,1.19,1.8.1,3.27.0,develop,3.1.1,2.62,0.16,3.18.5,8.39,5.32.0,2.0.11,2.0.21,2.2.0,1.14.1,0.3.4,main,0.0.3,main,1.2.0,0.0.5,1.74.0,0.4,0.0.4,1.0.0,1.9.1,1.3.0,1.8.18,0.7.2,develop,develop,9.13.13,2.0.3,0.7.17,2.1.4,1.3.1,develop,2.18.0,main,5.3.5,develop,0.2.2,0.3.3,1.9.0,develop,1.0,main,1.0.0,develop,develop,0.4.5,3.13.5,6.4.0,3.15.1,3.1.2,4.0.2,1.21.5,2.0.2,10.20,1.7.0,2.13.94,5.14.2,1.2.2,1.3.40,1.3.1,2.9.1,0.9.9,1.1.3,6.1.3,2.0.4,1.1.0,1.20-3,2.0.0,1.0.3,1.21.0,1.4.13.0,1.13.0,0.5.4,1.4.9,5.0.1,develop,2.2.2,3.19,3.6.2,3.14.1,7.0,2020.10.02,master,2020.10.00,2.0.2,1.10,21.12,4.3.3,1.0.18,9.3.1,5.6.0,8.6.3,master,0.9.1,0.5.7,5.7.1,3.10.2,master,0.12.0,0.1.0,19.8.1,0.14,3.4.01,2.7.0,master,5.2.2
yellow,2.66.2,1.8.2,1.9.1,1.4.19,8.4p1,13.0.0,3.6.2,1.21,4.0.4,3.33.0,develop,3.1.4,2.59,0.13.5,3.5.1,8.38,5.31.7,2.0.12,2.0.22,2.0.1,1.13.4,0.2.20,0.3.0,0.0.3,0.1.0,1.2.0,0.1.0,1.70.0,0.4,0.0.4,master,1.4.3,1.4.0,1.10.2,0.7.0,0.6.9,0.7.0,9.13.14,2.0.4,0.7.15,2.3.1,1.2.9,0.14.0,2.18.1,0.3.3,5.2.2,main,0.2.2,0.3.3,1.12.2,3.1.00,1.1,0.0.2,2.0.0,master,0.9.2,0.6.3,3.15.5,6.1.0,3.15.5,3.1.2,4.0.2,1.19.2,2.0.3,10.31,1.6.3,2.13.93,4.8.5,1.2.2,4.0.2,1.5.0,2.3.1,0.9.10,1.1.4,6.1.4,2.0.2,1.1.0,1.20-5,3.0rc2,1.1.1,1.16.3,2.1.11.1,1.10.0,0.5.5,1.4.8,5.5.1,0.8.0,2.2.5,3.19,develop,3.13.0,7.7,2021.04.01,2021.04.00,2021.05.01,2.0.2,1.12,21.03,4.3.0,1.0.18,9.3.1,master,8.6.6,1.3.0,1.0.0,master,5.1.1,3.10.4,2.7.0,0.13.2,0.3.0,21.8.29,0.13,3.2.00,3.1.1,2021.9.0,5.2.1
lightseagreen,2.64.6,master,1.11.0,1.4.17,7.9p1,master,2.7.11,1.14.1,3.1.0,3.29.0,2.4.6,3.1,2.69,0.13.4,3.12.1,8.42,5.26.2,2.0.14,2.0.20,2.5.0,1.15.1,0.3.16,0.5.0,0.1.0,0.0.3,1.1.1,0.0.5,1.58.0,0.3,0.1.0,1.0.2,1.9.0,1.3.0,1.10.0-patch1,0.6.0,0.7.1,0.7.1,9.32.5,2.0.3,0.7.13,2.2.5,1.3,0.12.1,2.22.0,develop,5.1.5,0.3.6,0.1.0,0.5.0,1.10.0,master,master,0.1.0,0.9.0,1.0.3,0.9.1,0.6.1,3.15.1,7.1.1,3.15.2,3.0.3,4.0.3,1.18.2,2.0.2,10.36,1.6.7,2.13.94,5.12.10,1.2.3,3.0.12,master,2.1.3,0.9.9,3.1.5,6.1.6,2.0.5,1.0.0,1.23,3.0rc1,1.1.0,1.12.1,2.1.11,1.13.1,0.5.2,1.3.0,5.6.2,0.7.2,2.2.4,3.21,3.6.0,3.13.1,5.1,master,2020.10.02,2021.05.02,2.1.0,1.15,20.07,4.1.1,1.0.3,7.3.0,5.6.0,8.6.4,1.2.3,master,0.6.0,5.3.1,3.10.0,2.7.1,0.13.0,0.4.0,20.9.20,0.16,3.0.00,2.6.2,2020.11.0,5.3.0
rosybrown,2.64.5,1.9.0,1.13.2,1.4.17,8.6p1,develop,3.9.6,1.14.1,4.0.1,3.26.0,develop,3.4.2,2.69,0.16,3.13.0,8.41,5.30.2,2.0.14,2.0.17,1.11.3,1.16.1,0.2.17,0.3.0,0.0.3,0.0.4,1.2.0,0.1.0,1.59.0,0.4,0.0.4,master,master,1.3.0,develop-1.10,0.7.2,0.7.0,develop,9.14.0,2.0.4,0.7.17,2.3.0,1.3.1,0.13.0,2.14.0,4.1.1,5.2.3,0.4.0,0.2.2,0.5.0,master,3.2.00,1.1,0.0.2,1.0.1,master,0.9.1,0.5.1,3.14.6,5.3.0,3.15.4,3.1.2,4.0.2,1.17.4,2.0.3,10.31,1.7.0,2.13.93,4.8.7,1.2.2,3.0.10,master,2.6.8,0.9.10,3.1.5,6.1.3,2.0.4,1.1.0,1.20-7,3.0rc2,1.1.3,1.12.1,1.4.11.0,develop,0.5.5,1.3.8,5.0.1,0.7.2,2.2.6,3.23,3.5.0,3.14.2,7.1,master,2021.04.00,master,2.0.2,1.16,20.03,4.3.4,1.0.18,7.3.0,5.5.0,8.6.11,1.2.3,0.9.2,master,5.4.2,3.10.0,2.7.1,0.14.2,0.3.0,17.1,0.12,3.0.00,3.1.2,develop,5.2.1
lawngreen,2.66.6,1.10.0,1.8.0,1.4.19,8.3p1,12.6.3,3.7.0,1.21,4.0.5,3.35.3,2.4.6,3.3.2,2.59,0.13.5,3.16.0,8.43,5.32.0,2.0.12,2.1.8,1.11.2,1.15,0.3.10,main,0.1.0,0.1.0,1.1.1,0.0.5,1.77.0,0.3,0.1.0,1.0.1,1.6.1,1.4.0,1.8.12,develop,0.6.9,0.7.0,main,2.0.3,0.7.15,2.0.2,1.3,develop,2.23.0,3.0.0,5.1.5,0.4.1,0.1.0,0.3.3,1.11.0,3.4.01,master,main,2.0.1,1.0.3,develop,0.9.4,3.14.2,6.1.1,3.14.1,3.0.3,4.0.3,1.17.3,2.0.2,10.20,1.6.7,2.13.94,5.6.3,1.2.3,master,1.5.0,2.9.1,0.9.9,1.1.3,6.1.6,2.1.0,1.0.0,1.24,3.0rc1,1.1.2,1.21.0,1.4.12.1,1.13.0,0.5.4,1.4.4,5.6.2,develop,2.2.0,3.25,3.7.0,3.15.2,7.5,2020.10.02,2020.10.02,2021.05.02,2.1.0,1.12,20.04,4.3.1,1.0.3,9.3.1,5.7.0,8.6.10,master,1.0.0,0.5.7,5.6.2,3.10.2,2.7.0,0.13.3,0.4.0,19.8.1,0.13,develop,3.1.0,2021.3.0,5.3.0
beige,2.70.2,1.6.0,1.13.1,1.4.19,8.6p1,12.6.4,3.5.7,1.19,4.1.1,3.30.0,2.4.6,3.3.1,2.62,0.13.4,3.14.5,8.42,5.32.1,2.0.11,2.0.22,1.11.5,1.16.1,0.3.18,0.5.0,0.0.3,main,1.1.1,0.1.0,1.65.1,0.4,0.0.4,1.0.2,1.7.3,1.3.0,1.12.0,0.7.1,0.7.1,0.7.1,9.34.1,2.0.3,0.7.13,2.1.4,1.2.9,0.10.0,2.22.0,1.0.1,5.2.2,develop,0.1.0,0.3.3,1.12.1,3.3.01,1.0,0.0.1,1.0.0,develop,0.9.2,0.4.3,3.14.4,5.0.0,3.15.1,3.0.3,4.0.2,1.20.0,2.0.3,10.36,1.6.3,2.13.93,4.8.6,1.2.3,3.0.10,1.4.0,1.4.6,0.9.10,1.1.4,6.1.4,2.0.5,1.1.0,1.20-2,legacy,1.0.3,1.16.3,1.4.12.3,1.12.0,0.5.1,1.3.0,5.8.0,0.8.0,2.2.1,3.22,3.4.0,3.13.0,7.3,2021.04.01,master,2020.10.00,2.0.2,1.15,19.10,4.2.5,1.0.3,7.3.0,6.0.0,8.6.8,1.3.0,0.9.1,0.6.0,5.7.1,3.9.1,master,develop,0.1.0,18.11.1,0.11,master,4.0.1,2020.11.0,5.2.2
darkorange,2.64.5,kitware,1.9.1,1.4.17,8.4p1,12.10.1,3.6.12,1.19,4.1.1,3.27.1,develop,3.4.2,2.62,0.13.4,3.10.2,8.44,5.35.0,2.0.12,2.1.12,1.11.8,1.15.1,develop,0.4.0,0.1.0,0.0.3,1.2.0,0.0.5,1.51.0,0.3,0.1.0,1.0.0,1.7.4,1.4.0,1.10.5,0.6.0,develop,0.7.0,9.29.0,2.0.4,0.7.12,2.0.2,1.3.1,0.12.1,2.20.0,6.0.0,5.3.5,develop,0.2.2,0.5.0,1.11.1,3.0.00,1.0,0.1.0,1.0.1,develop,0.9.1,0.7,3.13.4,5.2.1,3.15.5,3.1.2,4.0.3,1.20.3,2.0.2,10.36,1.6.3,2.13.94,5.9.9,1.2.2,fortran,1.3.1,2.3.1,0.9.9,1.1.4,6.1.4,2.0.2,1.0.0,1.20-6,2.0.0,1.1.3,1.21.0,2.1.8.0,1.10.0,0.5.3,1.4.3,5.7.2,0.7.1,master,3.22.1,3.8.0,3.16.1,5.0,master,2021.04.00,2021.05.01,2.1.0,1.14,21.10,4.3.3,1.0.18,9.3.1,5.5.1,8.6.5,master,master,0.6.0,5.8,3.10.4,2.7.1,0.14.0,0.4.1,18.11.1,0.9,3.1.00,5.4.0,master,5.3.0
ghostwhite,2.70.2,1.10.1,1.8.1,1.4.17,8.7p1,12.8.1,3.9.9,1.21,1.8.1,3.31.1,develop,3.1,2.59,0.16,3.18.6,8.40,5.30.3,2.0.11,2.0.17,2.4.0,1.15,0.3.6,0.3.0,0.1.0,0.0.3,1.1.1,0.0.5,1.73.0,0.3,0.0.4,master,1.4.3,1.4.0,1.10.8,0.7.1,develop,0.7.1,9.15.0,2.0.3,0.7.17,2.2.5,1.2.9,0.13.0,2.17.0,1.0.0,5.3.5,main,0.1.0,0.3.3,1.11.2,3.1.01,master,0.0.1,2.0.0,1.0.3,0.9.2,0.5,3.15.2,5.1.3,3.15.4,3.0.3,4.0.3,1.21.1,2.0.2,10.31,1.7.0,2.13.93,5.12.10,1.2.3,3.0.11,1.5-head,2.1.3,0.9.9,3.1.5,6.1.6,2.1.0,1.1.0,1.20-7,2.0.0,1.0.3,1.16.3,1.4.9.2,1.12.0,develop,1.4.9,5.4.5,0.7.1,2.2.3,3.24,3.5.0,3.13.4,develop,2020.10.02,2020.10.02,master,2.1.0,1.10,20.08,4.3.2,1.0.18,9.3.1,5.4.3,8.6.3,1.3.0,0.9.2,0.5.7,5.3.1,3.9.1,master,0.11.1,0.1.0,17.1,0.14,3.4.01,4.1.0,2020.3.0,5.2.2
plum,2.66.2,1.7.2,1.10.1,1.4.19,8.5p1,12.14.1,3.5.4,1.14.1,2.1.4,3.30.0,2.4.6,3.3,2.69,0.13.5,3.17.1,8.43,5.31.7,2.0.14,2.0.21,1.11.1,1.16.2,0.3.7,main,0.0.3,0.0.4,1.2.0,0.1.0,1.63.0,0.4,0.1.0,1.0.0,1.6.0,1.3.0,1.8.21,0.7.0,0.7.1,develop,9.34.1,2.0.4,0.7.13,2.3.0,1.3,0.10.0,2.15.0,0.3.5,5.2.3,0.3.6,0.2.2,0.5.0,1.7.0,3.4.00,1.1,0.1.0,2.0.1,master,develop,0.6,3.13.3,5.1.0,3.14.1,3.1.2,4.0.2,1.18.4,2.0.3,10.20,1.6.7,2.13.94,4.8.6,1.2.2,3.0.12,1.2.1,2.9.1,0.9.10,1.1.3,6.1.3,2.0.5,1.0.0,1.23,3.0rc1,1.1.0,1.12.1,master,develop,0.5.2,1.4.5,5.5.1,0.8.0,2.1.0,3.20,develop,3.16.0,6.0,2021.04.01,master,2021.05.01,2.0.2,1.11,20.06,4.3.4,1.0.3,7.3.0,6.0.0.1,8.6.10,1.2.3,1.0.0,master,5.1.1,3.10.4,2.7.0,0.14.3,0.3.0,21.8.29,develop,3.2.00,5.0.0,2020.10.0,5.2.1
darksalmon,2.66.6,1.10.1,1.6.2,1.4.19,7.9p1,12.18.1,3.6.14,1.21,3.1.6,3.36.0,2.4.6,3.2,2.69,0.16,3.20.1,8.38,5.33.3,2.0.11,2.1.11,1.11.10,1.13.4,0.2.19,0.4.0,0.0.3,0.1.0,1.2.0,0.0.5,1.78.0,0.3,0.0.4,1.0.2,1.9.4,1.4.0,1.8.16,0.7.2,0.7.0,0.7.0,9.29.0,2.0.4,0.7.12,2.3.1,1.3.1,develop,2.18.0,4.1.0,5.1.5,0.4.0,0.2.2,0.5.0,1.8.1,3.1.00,master,0.0.2,0.9.0,develop,develop,0.4.5,3.14.5,5.1.2,3.15.1,3.1.2,4.0.3,1.18.1,2.0.2,10.20,1.6.3,2.13.93,5.15.2,1.2.3,4.0.2,1.2.1,2.6.8,0.9.9,3.1.5,6.1.3,2.0.4,1.1.0,1.20-3,legacy,1.1.1,1.21.0,2.1.12,1.13.1,0.5.2,1.4.8,5.0.1,0.7.2,2.2.3,3.25.1,3.6.0,3.14.1,develop,2020.10.02,master,2021.05.02,2.1.0,1.15,21.02,4.2.2,1.0.18,9.3.1,5.3.0,8.6.8,master,master,master,5.1.1,3.10.2,2.7.1,0.14.1,0.4.0,19.8.1,0.10,3.4.01,3.0.0,2021.3.0,5.2.2
mediumpurple,2.64.6,1.10.0,1.12.0,1.4.17,8.1p1,develop,3.6.10,1.19,2.1.3,3.35.3,develop,3.1.2,2.62,0.13.4,3.20.4,8.41,5.34.0,2.0.14,2.1.8,master,1.16.3,0.3.11,0.5.0,0.1.0,main,1.1.1,0.1.0,1.65.0,0.4,0.1.0,1.0.1,1.7.3,1.3.0,1.10.4,develop,0.6.9,0.7.1,9.14.0,2.0.3,0.7.15,2.1.4,1.2.9,0.14.0,2.15.1,0.3.4,5.2.2,0.4.1,0.1.0,0.3.3,1.9.0,3.1.01,1.0,main,2.1.0,1.0.3,0.9.1,0.5.1,3.13.0,5.1.0,3.15.2,3.0.3,4.0.2,1.19.2,2.0.3,10.36,1.7.0,2.13.94,4.8.5,1.2.2,1.3.40,1.5-head,1.4.6,0.9.10,1.1.4,6.1.4,2.0.2,1.0.0,1.20-5,3.0rc2,1.1.2,1.16.3,2.1.10,1.13.0,0.5.5,1.1.2,5.5.1,develop,2.2.5,3.18.1,3.8.0,3.15.0,6.0,master,2020.10.02,2020.10.00,2.0.2,1.14,21.06,4.1.4,1.0.3,7.3.0,5.4.1,8.5.19,1.3.0,0.9.1,0.5.7,5.7.1,3.10.0,master,0.12.0,0.4.1,20.9.20,0.15,3.0.00,develop,2021.9.0,5.3.0
magenta,2.66.2,1.9.0,1.11.0,1.4.19,8.3p1,master,3.5.10,1.14.1,1.7.4,3.35.5,develop,3.1.1,2.59,0.13.5,3.13.5,8.39,5.30.0,2.0.12,2.0.20,1.11.4,1.14.1,0.3.14,0.3.0,0.1.0,main,1.2.0,0.1.0,1.66.0,0.3,0.1.0,1.0.0,1.9.2,1.4.0,1.8.16,0.7.2,0.7.0,develop,9.32.5,2.0.3,0.7.15,2.0.2,1.3,0.10.0,2.18.1,3.0.0,5.2.2,0.4.1,0.1.0,0.5.0,1.10.0,3.0.00,1.1,0.0.2,master,master,0.9.2,0.7,3.15.0,5.3.0,3.15.5,3.1.2,4.0.3,1.17.3,2.0.2,10.31,1.6.7,2.13.94,4.8.7,1.2.3,3.0.8,1.4.0,1.4.6,0.9.10,1.1.3,6.1.6,2.0.4,1.0.0,1.20-6,3.0rc1,1.1.2,1.12.1,2.0.2.0,develop,0.5.4,1.4.7,5.4.5,0.8.0,2.2.4,3.21,3.4.0,3.14.0,7.7,2021.04.01,2021.04.00,master,2.0.2,1.10,21.07,4.0.6,1.0.3,7.3.0,6.0.0.1,8.6.4,1.2.3,1.0.0,0.6.0,5.3.1,3.10.2,2.7.0,0.14.1,0.1.0,21.8.29,0.17,3.1.00,5.4.0,develop,5.2.1
lightcyan,2.64.5,1.6.0,1.7.1,1.4.17,8.1p1,13.0.0,2.7.15,1.14.1,4.0.5,3.32.03,2.4.6,3.0.4,2.69,0.13.5,3.8.0,8.43,5.30.1,2.0.12,2.0.20,2.0.0,1.14.1,0.3.12,0.5.0,0.0.3,0.0.3,1.1.1,0.0.5,1.76.0,0.4,0.0.4,master,1.9.3,1.3.0,1.10.0,0.7.1,develop,0.7.0,main,2.0.4,0.7.13,2.1.4,1.3.1,develop,develop,5.0.0,5.1.5,main,0.2.2,0.3.3,1.11.1,master,master,main,1.0.1,1.0.3,0.9.2,0.5,3.14.6,5.4.0,3.14.1,3.0.3,4.0.2,1.18.2,2.0.3,10.31,1.6.3,2.13.93,5.6.3,1.2.2,2.0.12,master,2.9.1,0.9.9,3.1.5,6.1.4,2.0.2,1.1.0,1.24,3.0rc2,1.1.1,1.16.3,2.1.8.3,1.10.0,0.5.1,1.5.0,5.6.2,0.7.1,2.2.0,3.25.1,3.6.3,3.15.1,7.0,2021.04.01,master,2020.10.00,2.1.0,1.16,18.09.1,4.0.5,1.0.18,9.3.1,5.4.3,8.6.11,master,0.9.1,master,5.4.2,3.10.4,2.7.0,0.14.2,0.4.0,18.11.1,master,develop,5.8.0,2021.3.0,5.2.2
lavender,2.64.6,1.7.2,1.14.0,1.4.19,8.3p1,12.6.2,3.8.5,1.19,4.0.2,3.28.0,2.4.6,3.3.2,2.59,0.13.4,3.12.3,8.38,5.35.0,2.0.14,2.0.17,2.1.0,1.16.2,0.3.11,0.4.0,0.0.3,0.1.0,1.1.1,0.1.0,develop,0.3,0.1.0,1.0.2,1.7.5,1.3.0,1.8.10,develop,0.6.9,develop,9.13.13,2.0.3,0.7.17,2.2.5,1.3,0.12.1,2.16.0,4.1.2,5.2.3,0.3.6,0.2.2,0.5.0,1.8.1,develop,1.1,0.1.0,2.0.0,master,develop,0.6.1,3.15.1,6.1.0,3.15.1,3.1.2,4.0.3,1.20.3,2.0.2,10.36,1.6.7,2.13.94,5.14.2,1.2.2,4.0.2-fortran,1.3.1,2.3.1,0.9.10,1.1.4,6.1.6,2.1.0,1.0.0,1.20-4,2.0.0,1.0.3,1.12.1,2.1.11,1.13.1,0.5.3,1.4.2,5.8.0,0.7.2,2.2.6,3.19,3.7.0,3.15.1,7.3,2020.10.02,2020.10.02,2021.05.01,2.1.0,1.12,20.11,4.0.7,1.0.3,7.3.0,5.5.0,8.6.6,1.3.0,master,0.5.7,5.8,3.9.1,2.7.1,0.13.0,0.4.1,17.1,0.13,master,3.0.0,master,5.3.0
mediumvioletred,2.66.6,1.10.2,1.12.1,1.4.17,8.7p1,12.12.1,3.5.5,1.21,2.0.2,3.27.0,develop,3.1.4,2.62,0.16,3.15.6,8.44,5.32.1,2.0.11,2.0.21,1.11.13,1.15,develop,main,0.1.0,0.0.4,1.2.0,0.0.5,1.50.0,0.4,0.0.4,1.0.1,1.7.2,1.4.0,1.8.14,0.7.0,0.7.1,0.7.1,9.13.14,2.0.4,0.7.12,2.3.1,1.2.9,0.13.0,2.18.2,1.0.0,5.3.5,0.4.0,0.1.0,0.3.3,1.12.2,3.2.00,1.0,0.0.1,master,develop,0.9.1,0.6.3,3.14.0,5.1.3,3.15.2,3.0.3,4.0.2,1.18.0,2.0.3,10.20,1.7.0,2.13.93,5.9.9,1.2.3,2.0.2,1.5.0,2.6.8,0.9.9,1.1.3,6.1.3,2.0.5,1.1.0,1.20-2,legacy,1.1.3,1.21.0,1.4.11.0,1.12.0,develop,develop,5.7.2,develop,master,3.25,3.6.2,3.16.0,5.1,master,2021.04.00,2021.05.02,2.0.2,1.11,21.09,4.1.1,1.0.18,9.3.1,master,8.6.5,1.2.3,0.9.2,0.6.0,5.6.2,3.10.0,master,0.13.3,0.3.0,20.9.20,0.12,3.2.00,5.1.0,2021.9.0,5.2.1
khaki,2.70.2,master,1.12.0,1.4.19,8.5p1,12.6.1,3.5.1,1.19,4.0.4,3.27.2,develop,3.1.3,2.62,0.13.4,3.9.4,8.40,5.30.1,2.0.11,2.1.8,1.9,1.15.1,0.3.18,0.5.0,0.0.3,0.0.3,1.2.0,0.0.5,1.62.0,0.3,0.0.4,1.0.0,1.6.1,1.3.0,1.8.22,0.6.0,0.7.1,0.7.1,9.13.14,2.0.4,0.7.17,2.3.0,1.3.1,0.14.0,2.23.0,6.0.0,5.2.3,develop,0.1.0,0.5.0,1.9.0,3.3.01,1.1,0.0.1,0.9.0,master,0.9.1,0.9.4,3.15.5,5.2.1,3.15.4,3.1.2,4.0.2,1.21.2,2.0.2,10.31,1.6.3,2.13.94,4.8.7,1.2.3,4.0.1,1.5-head,2.1.3,0.9.9,1.1.4,6.1.3,2.0.5,1.0.0,1.20-6,2.0.0,1.1.0,1.16.3,1.4.13.0,1.13.0,develop,1.4.0,5.8.0,0.8.0,2.2.2,3.24,develop,3.14.0,7.1,2020.10.02,2020.10.02,2021.05.02,2.1.0,1.11,19.08,4.1.2,1.0.3,7.3.0,5.6.0,8.6.4,master,0.9.2,0.6.0,5.1.1,3.10.4,master,develop,0.4.0,19.8.1,0.14,master,3.1.0,develop,5.2.1
orange,2.66.6,kitware,1.8.1,1.4.17,8.6p1,13.0.1,3.9.5,1.21,2.1.6,3.29.0,2.4.6,3.3.1,2.59,0.13.5,3.4.0,8.42,5.30.2,2.0.14,2.1.11,2.1.0,1.16.1,0.2.15,0.3.0,0.1.0,main,1.1.1,0.1.0,1.52.0,0.4,0.1.0,1.0.2,1.8.0,1.4.0,1.8.18,0.7.0,develop,0.7.0,9.14.0,2.0.3,0.7.12,2.3.0,1.2.9,0.13.0,2.22.0,develop,5.3.5,0.4.0,0.2.2,0.3.3,master,3.4.00,master,0.0.2,1.0.0,1.0.3,develop,0.4.3,3.16.2,6.3.0,3.15.5,3.0.3,4.0.3,1.20.0,2.0.3,10.20,1.6.7,2.13.93,5.12.10,1.2.2,3.0.2,1.4.0,2.3.1,0.9.10,1.1.3,6.1.4,2.0.2,1.1.0,1.20-2,legacy,1.1.2,1.21.0,1.4.12.1,develop,0.5.1,1.3.8,5.5.1,0.7.1,2.2.1,3.20,3.4.0,3.13.0,7.5,2021.04.01,2021.04.00,master,2.0.2,1.10,20.12,4.3.0,1.0.18,9.3.1,5.5.1,8.6.5,1.2.3,master,0.5.7,5.8,3.10.0,2.7.0,0.12.0,0.4.1,18.11.1,0.17,3.0.00,develop,2020.10.0,5.3.0
mediumslateblue,2.64.6,1.8.2,1.7.1,1.4.19,8.4p1,13.0.1,3.8.0,1.14.1,4.1.2,3.33.0,develop,3.2.1,2.69,0.16,master,8.39,5.30.0,2.0.12,2.1.12,2.4.1,1.13.4,0.3.15,main,0.1.0,0.1.0,1.2.0,0.0.5,1.61.0,0.4,0.0.4,1.0.1,1.9.1,1.3.0,1.10.4,develop,0.7.0,develop,main,2.0.3,0.7.15,2.1.4,1.3,0.14.0,2.15.1,2.1.0,5.2.2,develop,0.2.2,0.5.0,1.11.2,3.4.01,1.0,main,2.1.0,develop,0.9.2,0.6,3.14.1,develop,3.14.1,3.1.2,4.0.3,1.17.4,2.0.2,10.36,1.7.0,2.13.94,4.8.6,1.2.2,master,1.5.0,2.6.8,0.9.10,3.1.5,6.1.6,2.0.4,1.0.0,1.23,3.0rc1,1.0.3,1.12.1,1.4.13.3,1.12.0,0.5.5,1.4.9,5.6.2,develop,2.1.0,3.22.1,3.6.3,3.16.1,5.0,master,master,2021.05.01,2.0.2,1.16,18.10.1,4.3.2,1.0.18,7.3.0,5.4.1,8.6.8,1.3.0,0.9.1,master,5.4.2,3.9.1,2.7.1,0.14.0,0.1.0,17.1,0.10,3.1.00,5.3.0,2020.3.0,5.2.2
purple,2.64.5,1.10.1,1.9.1,1.4.17,7.9p1,12.8.1,3.9.0,1.21,3.1.4,3.34.0,2.4.6,3.4.1,2.69,0.13.5,3.14.7,8.41,5.34.0,2.0.11,2.0.22,1.9,1.16.3,0.3.14,0.4.0,0.0.3,0.0.4,1.1.1,0.1.0,1.53.0,0.3,0.1.0,master,1.9.0,1.4.0,1.10.5,0.6.0,0.6.9,0.7.0,9.13.13,2.0.4,0.7.13,2.2.5,1.3.1,0.12.1,2.17.0,4.1.1,5.1.5,main,0.1.0,0.3.3,1.7.0,3.1.00,1.1,0.1.0,2.0.1,1.0.3,0.9.2,0.6.3,3.14.5,6.2.0,3.15.2,3.0.3,4.0.2,1.19.5,2.0.3,10.36,1.6.7,2.13.93,5.14.2,1.2.3,4.0.0,1.2.1,2.1.3,0.9.9,3.1.5,6.1.4,2.1.0,1.1.0,1.20-5,3.0rc2,1.1.0,1.12.1,1.4.13.5,1.13.1,0.5.4,1.4.8,5.0.1,0.7.2,2.2.2,3.23,3.7.0,3.14.2,5.1,2020.10.02,master,2020.10.00,2.1.0,1.15,20.10,4.0.7,1.0.3,9.3.1,6.0.0,8.6.10,1.3.0,1.0.0,master,5.7.1,3.10.2,2.7.1,0.11.1,0.3.0,21.8.29,0.9,develop,2.6.2,2020.11.0,5.3.0
oldlace,2.66.2,1.8.2,1.11.0,1.4.19,8.5p1,12.6.3,3.9.4,1.14.1,3.1.0,3.35.4,2.4.6,3.4,2.59,0.13.4,3.15.1,8.40,5.30.3,2.0.14,2.0.17,2.4.0,1.16.2,0.3.13,0.4.0,0.0.3,0.0.4,1.1.1,0.0.5,1.54.0,0.4,0.0.4,1.0.1,1.9.5,1.4.0,1.10.3,0.7.2,0.6.9,develop,9.32.5,2.0.4,0.7.15,2.3.1,1.2.9,develop,develop,2.0.0,5.2.3,0.3.6,0.1.0,0.5.0,1.11.0,3.4.00,1.0,0.1.0,1.0.1,master,develop,0.4.3,3.13.5,6.4.0,3.15.4,3.0.3,4.0.3,1.20.1,2.0.2,10.20,1.7.0,2.13.93,4.8.5,1.2.2,3.0.10,master,1.4.6,0.9.10,1.1.4,6.1.3,2.0.5,1.1.0,1.20-4,legacy,1.1.1,1.21.0,1.4.10.0,1.10.0,0.5.2,1.5.0,5.7.2,0.7.1,2.2.5,3.22,3.6.0,3.13.1,6.0,2021.04.01,2020.10.02,2021.05.01,2.1.0,1.14,20.11,4.2.2,1.0.3,7.3.0,5.7.0,8.5.19,1.2.3,0.9.1,0.5.7,5.6.2,3.10.2,2.7.0,0.14.3,0.4.1,19.8.1,0.15,3.2.00,3.2.0,2021.3.0,5.2.2
chartreuse,2.70.2,1.9.0,1.13.2,1.4.17,8.1p1,12.6.1,3.7.8,1.19,4.0.1,3.26.0,develop,develop,2.62,0.16,3.9.0,8.42,5.31.7,2.0.12,2.1.12,1.11.12,1.15.1,0.3.17,0.3.0,0.1.0,0.0.3,1.2.0,0.1.0,1.69.0,0.3,0.1.0,1.0.0,master,1.3.0,1.12.1,0.7.1,0.7.1,0.7.1,9.15.0,2.0.3,0.7.12,2.0.2,1.3,0.10.0,2.16.0,4.0.1,5.1.5,0.4.1,0.2.2,0.3.3,1.12.1,3.4.01,master,main,2.1.0,develop,0.9.1,0.4.5,3.15.3,5.2.2,3.15.1,3.1.2,4.0.2,1.16.6,2.0.3,10.31,1.6.3,2.13.94,5.9.9,1.2.3,master,1.3.1,2.9.1,0.9.9,1.1.3,6.1.6,2.0.4,1.0.0,1.24,2.0.0,1.1.3,1.16.3,2.1.9,1.13.0,0.5.3,1.4.5,5.4.5,0.8.0,2.2.4,3.18.1,3.5.0,3.15.0,7.0,master,2021.04.00,master,2.0.2,1.12,20.01,4.0.5,1.0.18,9.3.1,5.3.0,8.6.3,master,master,0.6.0,5.3.1,3.9.1,master,0.13.2,0.1.0,20.9.20,develop,3.4.01,4.1.0,2020.11.0,5.2.1
mediumaquamarine,2.66.6,1.7.2,1.8.0,1.4.17,8.7p1,develop,2.7.18,1.19,4.1.1,3.27.1,develop,3.3.1,2.59,0.16,3.11.2,8.38,5.33.3,2.0.14,2.0.21,1.11.10,1.16.1,0.3.6,0.5.0,0.1.0,0.1.0,1.1.1,0.1.0,1.60.0,0.4,0.0.4,1.0.2,1.9.5,1.4.0,1.10.0-patch1,0.7.1,develop,0.7.1,9.34.1,2.0.3,0.7.17,2.1.4,1.3.1,0.13.0,2.14.0,main,5.3.5,develop,0.2.2,0.5.0,1.7.0,develop,1.1,0.0.1,2.0.0,develop,develop,0.6.1,3.13.6,6.0.0,3.15.1,3.1.2,4.0.2,1.21.5,2.0.3,10.36,1.6.3,2.13.94,5.6.3,1.2.3,2.0.2,1.3.1,1.4.6,0.9.10,1.1.4,6.1.4,2.0.2,1.0.0,1.20-3,3.0rc2,1.0.3,1.21.0,1.4.13.4,1.10.0,0.5.2,1.3.8,5.5.1,0.7.2,2.2.0,3.23,3.8.0,3.13.4,7.3,2021.04.01,master,2021.05.02,2.1.0,1.15,21.09,4.3.4,1.0.18,7.3.0,5.6.0,8.6.11,master,0.9.2,0.5.7,5.6.2,3.10.0,master,0.14.1,0.3.0,18.11.1,0.16,master,5.7.0,master,5.2.1
olivedrab,2.64.6,kitware,1.13.1,1.4.19,8.4p1,12.12.1,3.9.2,1.21,2.1.6,3.30.1,2.4.6,3.4.2,2.62,0.13.5,3.13.2,8.41,5.26.2,2.0.11,2.1.11,2.0.2,1.16.3,0.2.20,main,0.0.3,main,1.2.0,0.0.5,1.77.0,0.3,0.1.0,master,1.7.4,1.3.0,1.8.19,0.6.0,0.7.0,develop,9.29.0,2.0.4,0.7.13,2.2.5,1.2.9,0.14.0,2.18.2,1.0.1,5.2.2,0.4.0,0.1.0,0.3.3,1.11.1,3.2.00,1.0,0.0.2,2.0.1,1.0.3,0.9.1,0.5,3.16.0,7.1.0,3.15.5,3.0.3,4.0.3,1.18.3,2.0.2,10.31,1.7.0,2.13.93,5.15.2,1.2.2,2.0.12,master,2.6.8,0.9.9,3.1.5,6.1.3,2.1.0,1.1.0,1.20-7,3.0rc1,1.1.0,1.12.1,2.1.12,1.13.0,develop,1.4.7,5.7.2,develop,master,3.22,3.6.2,3.14.1,7.5,master,2021.04.00,2020.10.00,2.0.2,1.12,21.02,4.3.3,1.0.3,9.3.1,6.0.0.1,8.6.6,1.3.0,1.0.0,0.6.0,5.7.1,3.10.4,2.7.1,0.14.2,0.4.0,21.8.29,master,3.4.01,4.0.1,develop,5.2.2
gray,2.70.2,1.10.0,1.14.0,1.4.19,7.9p1,13.0.0,3.5.8,1.14.1,3.1.6,3.35.3,develop,3.3.2,2.69,0.13.4,3.9.2,8.43,5.32.0,2.0.12,2.1.8,1.11.9,1.14.1,0.2.16,0.3.0,0.1.0,0.1.0,1.2.0,0.1.0,1.63.0,0.3,0.0.4,master,1.4.3,1.4.0,develop-1.12,0.7.2,0.6.9,0.7.0,9.32.5,2.0.3,0.7.13,2.3.1,1.3,0.10.0,2.18.0,0.3.5,5.1.5,main,0.1.0,0.3.3,1.10.0,3.0.00,master,main,master,master,0.9.2,0.6,3.13.4,6.1.1,3.14.1,3.0.3,4.0.3,1.21.5,2.0.2,10.20,1.6.7,2.13.93,5.12.10,1.2.2,3.0.8,1.4.0,2.9.1,0.9.9,1.1.3,6.1.6,2.0.2,1.0.0,1.23,legacy,1.1.3,1.16.3,2.1.8.1,1.13.1,0.5.3,1.4.3,5.6.2,0.8.0,2.2.3,3.25,3.6.0,3.15.2,5.0,2020.10.02,2020.10.02,2021.05.02,2.1.0,1.10,19.08,4.1.4,1.0.18,9.3.1,master,8.5.19,1.2.3,0.9.2,master,5.3.1,3.10.0,2.7.0,0.14.0,0.1.0,17.1,0.11,3.2.00,3.2.1,2020.3.0,5.3.0
lightpink,2.64.5,master,1.6.2,1.4.17,8.3p1,12.14.1,3.7.11,1.21,2.1.4,3.30.1,2.4.6,3.1.3,2.59,0.13.5,3.19.3,8.39,5.33.3,2.0.14,2.0.22,2.3.0,1.15,0.2.18,0.4.0,0.0.3,0.0.3,1.1.1,0.0.5,1.61.0,0.4,0.1.0,1.0.1,1.9.0,1.3.0,1.8.21,0.7.0,0.7.0,0.7.0,9.15.0,2.0.4,0.7.17,2.3.0,1.3.1,0.12.1,2.15.0,5.0.1,5.2.2,0.3.6,0.2.2,0.5.0,1.12.1,3.3.01,1.1,0.0.1,1.0.0,1.0.3,develop,0.7,3.14.2,7.1.1,3.15.4,3.1.2,4.0.2,1.21.2,2.0.3,10.20,1.6.7,2.13.94,5.6.3,1.2.3,3.0.2,1.2.1,2.3.1,0.9.10,1.1.3,6.1.6,2.0.5,1.1.0,1.20-5,3.0rc1,1.1.1,1.16.3,1.4.13.2,1.12.0,0.5.1,1.4.4,5.0.1,0.7.1,2.1.0,3.22.1,3.6.3,3.16.1,7.7,2020.10.02,2021.04.00,2020.10.00,2.0.2,1.16,20.08,4.3.1,1.0.3,7.3.0,6.0.0,8.6.11,1.3.0,master,0.5.7,5.8,3.10.2,master,0.14.3,0.4.0,20.9.20,develop,develop,3.1.2,2020.10.0,5.2.2
gainsboro,2.66.2,1.10.2,1.12.1,1.4.17,8.6p1,12.6.4,3.7.7,1.14.1,4.0.5,3.31.1,2.4.6,3.1,2.69,0.13.4,3.12.2,8.44,5.26.2,2.0.12,2.0.20,2.2.0,1.13.4,0.3.7,0.5.0,0.0.3,main,1.1.1,0.1.0,1.65.1,0.4,0.0.4,1.0.0,1.7.5,1.3.0,develop-1.8,develop,0.7.1,0.7.1,9.14.0,2.0.4,0.7.15,2.0.2,1.2.9,develop,2.18.1,0.3.3,5.2.3,0.4.1,0.1.0,0.5.0,1.12.2,master,master,0.1.0,0.9.0,develop,0.9.1,0.9.4,3.14.3,5.0.0,3.15.2,3.0.3,4.0.2,1.18.2,2.0.3,10.36,1.7.0,2.13.93,4.8.7,1.2.3,1.3.40,1.5.0,2.1.3,0.9.10,1.1.4,6.1.3,2.1.0,1.1.0,1.24,3.0rc2,1.1.2,1.21.0,1.4.9.2,develop,0.5.5,1.3.0,5.4.5,0.7.2,2.2.6,3.18.1,3.8.0,3.13.4,develop,2021.04.01,master,master,2.0.2,1.14,21.10,4.1.2,1.0.3,7.3.0,5.4.1,8.6.3,master,1.0.0,master,5.4.2,3.9.1,2.7.0,0.13.3,0.3.0,19.8.1,0.10,3.1.00,5.5.0,2021.9.0,5.2.1
mediumseagreen,2.64.5,1.6.0,1.10.1,1.4.19,8.3p1,master,2.7.13,1.19,2.1.3,3.36.0,develop,3.1.2,2.62,0.16,3.12.0,8.44,5.30.2,2.0.11,2.1.12,2.0.1,1.15,0.3.10,main,0.1.0,0.0.4,1.2.0,0.0.5,1.53.0,0.3,0.1.0,1.0.2,1.6.1,1.4.0,1.10.2,0.7.0,develop,develop,9.34.1,2.0.3,0.7.12,2.3.1,1.3,0.10.0,2.20.0,4.0.0,5.3.5,main,0.2.2,0.3.3,1.11.2,3.1.01,1.0,0.0.2,master,master,0.9.2,0.5.1,3.15.2,6.3.1,3.15.4,3.1.2,4.0.3,1.18.1,2.0.2,10.31,1.6.3,2.13.94,5.15.2,1.2.2,4.0.1,1.5-head,2.3.1,0.9.9,3.1.5,6.1.4,2.0.4,1.0.0,1.20-7,2.0.0,1.1.2,1.12.1,2.1.8.0,1.10.0,0.5.4,1.1.2,5.8.0,develop,2.2.1,3.25.1,3.4.0,3.15.0,7.1,master,2020.10.02,2021.05.01,2.1.0,1.11,20.07,4.2.5,1.0.18,9.3.1,5.3.0,8.6.10,1.2.3,0.9.1,0.6.0,5.1.1,3.10.4,2.7.1,0.12.0,0.4.1,18.11.1,0.14,3.0.00,5.6.1,2020.3.0,5.3.0
darkviolet,2.66.6,master,1.9.1,1.4.19,8.7p1,12.10.1,3.7.5,1.19,4.1.2,3.28.0,develop,develop,2.59,0.13.5,3.19.5,8.39,5.32.1,2.0.14,2.0.20,1.11.2,1.16.1,0.2.17,0.3.0,0.0.3,main,1.1.1,0.0.5,1.69.0,0.3,0.0.4,master,1.9.1,1.4.0,1.12.0,0.7.2,develop,0.7.1,9.13.13,2.0.4,0.7.13,2.1.4,1.3,0.14.0,2.18.0,2.0.0,5.1.5,0.4.0,0.2.2,0.3.3,1.8.1,3.2.00,1.0,0.0.1,1.0.0,1.0.3,0.9.1,0.6.3,3.13.0,6.3.1,3.15.1,3.1.2,4.0.2,1.17.4,2.0.3,10.31,1.6.7,2.13.93,4.8.5,1.2.2,3.0.11,1.5.0,2.9.1,0.9.9,3.1.5,6.1.4,2.0.2,1.1.0,1.20-4,2.0.0,1.1.1,1.16.3,2.1.11.1,develop,0.5.3,1.4.2,5.8.0,0.7.2,2.2.5,3.19,3.6.2,3.14.1,5.0,2021.04.01,2021.04.00,2020.10.00,2.0.2,1.16,20.09,4.3.0,1.0.18,7.3.0,5.4.3,8.6.4,1.2.3,0.9.1,master,5.3.1,3.10.2,master,0.13.0,0.3.0,20.9.20,0.9,3.4.01,5.0.0,2020.11.0,5.2.2
mediumblue,2.64.6,1.10.2,1.13.2,1.4.17,7.9p1,12.18.1,3.7.3,1.21,4.0.1,3.29.0,2.4.6,3.3,2.69,0.16,3.4.3,8.40,5.34.0,2.0.11,2.0.22,2.0.0,1.14.1,0.3.9,0.4.0,0.1.0,0.0.4,1.2.0,0.1.0,1.65.0,0.4,0.1.0,1.0.1,1.7.3,1.3.0,1.8.12,0.6.0,0.7.0,develop,9.29.0,2.0.3,0.7.15,2.2.5,1.2.9,develop,2.16.0,6.0.0,5.2.3,0.3.6,0.1.0,0.5.0,1.11.0,master,1.1,main,1.0.1,develop,0.9.2,0.6,3.13.1,develop,3.14.1,3.0.3,4.0.3,1.20.1,2.0.2,10.20,1.6.3,2.13.94,5.9.9,1.2.3,4.0.2,1.5-head,2.1.3,0.9.10,1.1.3,6.1.3,2.0.5,1.0.0,1.20-6,legacy,1.0.3,1.21.0,master,1.12.0,develop,develop,5.7.2,develop,2.2.4,3.21,3.5.0,3.16.0,develop,master,master,2021.05.01,2.1.0,1.15,21.12,4.1.1,1.0.3,9.3.1,5.5.1,8.6.5,master,0.9.2,0.5.7,5.8,3.10.4,2.7.1,develop,0.4.0,21.8.29,0.13,3.1.00,2.7.0,2021.9.0,5.3.0
lightgray,2.66.2,1.7.2,1.8.1,1.4.17,8.5p1,12.6.2,2.7.16,1.14.1,3.1.0,3.27.1,develop,3.4,2.62,0.13.4,3.15.0,8.41,5.30.1,2.0.12,2.0.21,2.6.0,1.13.4,0.3.8,main,0.0.3,0.1.0,1.2.0,0.1.0,1.58.0,0.4,0.1.0,1.0.2,1.7.2,1.4.0,1.10.8,develop,0.6.9,0.7.0,9.13.14,2.0.3,0.7.17,2.0.2,1.3.1,0.12.1,2.15.0,3.0.0,5.2.2,0.4.1,0.1.0,0.5.0,1.9.0,3.1.00,master,0.0.2,2.0.0,master,develop,0.5,3.13.3,5.4.0,3.15.2,3.0.3,4.0.2,1.19.2,2.0.2,10.36,1.7.0,2.13.93,5.14.2,1.2.3,4.0.0,1.4.0,2.6.8,0.9.10,1.1.4,6.1.6,2.1.0,1.0.0,1.20-2,3.0rc2,1.1.3,1.12.1,2.1.10,1.13.0,0.5.4,1.4.0,5.5.1,0.8.0,2.2.6,3.24,3.7.0,3.13.1,5.1,2020.10.02,2020.10.02,2021.05.02,2.0.2,1.10,21.07,4.0.6,1.0.3,7.3.0,5.5.0,8.6.6,1.3.0,1.0.0,0.6.0,5.7.1,3.10.0,2.7.0,0.13.2,0.4.1,17.1,0.11,develop,5.2.0,develop,5.2.1
maroon,2.70.2,kitware,1.13.1,1.4.19,8.6p1,12.6.1,3.7.4,1.14.1,1.8.1,3.34.0,2.4.6,3.1.4,2.62,0.16,3.0.2,8.38,5.32.0,2.0.14,2.0.17,1.11.5,1.15.1,0.3.4,0.5.0,0.1.0,0.0.3,1.1.1,0.0.5,1.67.0,0.3,0.0.4,1.0.0,1.9.4,1.3.0,develop-1.10,0.7.1,0.7.1,0.7.1,main,2.0.4,0.7.12,2.3.0,1.3,0.13.0,2.14.0,0.3.4,5.3.5,develop,0.2.2,0.3.3,master,3.4.01,master,0.1.0,2.0.1,1.0.3,0.9.2,0.9.4,3.14.4,5.3.0,3.15.5,3.1.2,4.0.3,1.21.1,2.0.3,10.20,1.6.3,2.13.94,4.8.6,1.2.2,3.0.12,1.2.1,1.4.6,0.9.9,1.1.3,6.1.6,2.0.4,1.1.0,1.20-3,3.0rc1,1.1.0,1.16.3,1.4.11.1,1.13.1,0.5.5,1.4.2,5.6.2,0.7.1,2.1.0,3.20,develop,3.13.0,7.3,master,2021.04.00,master,2.1.0,1.12,21.01,4.3.0,1.0.18,9.3.1,5.7.0,8.6.8,1.2.3,master,master,5.6.2,3.9.1,master,0.11.1,0.1.0,19.8.1,0.16,3.2.00,3.1.1,2020.10.0,5.2.1
silver,2.66.2,1.8.2,1.7.1,1.4.19,8.4p1,12.14.1,3.8.10,1.21,3.1.4,3.35.4,2.4.6,3.0.4,2.59,0.13.5,3.14.3,8.43,5.35.0,2.0.12,2.1.11,1.11.3,1.16.3,0.3.12,0.3.0,0.1.0,0.1.0,1.1.1,0.0.5,1.66.0,0.4,0.0.4,1.0.0,1.6.0,1.3.0,1.8.10,0.6.0,0.7.1,0.7.0,9.34.1,2.0.4,0.7.15,2.1.4,1.3.1,0.10.0,2.22.0,1.0.1,5.2.3,0.4.0,0.1.0,0.5.0,master,develop,1.1,main,2.1.0,master,develop,0.5.1,3.15.4,6.3.0,3.15.4,3.0.3,4.0.2,1.16.6,2.0.2,10.36,1.7.0,2.13.94,5.14.2,1.2.3,4.0.2-fortran,1.3.1,2.3.1,0.9.10,1.1.4,6.1.3,2.0.2,1.0.0,1.20-6,3.0rc1,1.1.0,1.12.1,2.0.2.0,1.12.0,0.5.1,1.4.5,5.0.1,0.7.1,2.2.3,3.25,3.4.0,3.14.0,7.0,2020.10.02,2020.10.02,2021.05.01,2.0.2,1.11,21.05,4.1.1,1.0.3,7.3.0,master,8.6.11,1.3.0,0.9.2,0.5.7,5.4.2,3.9.1,2.7.1,0.14.2,0.1.0,18.11.1,master,master,2.7.0,2021.3.0,5.2.2
lightgoldenrodyellow,2.64.6,1.10.1,1.6.2,1.4.17,8.1p1,12.8.1,3.8.3,1.19,4.0.4,3.30.0,develop,3.2.1,2.69,0.13.4,3.21.0,8.42,5.30.0,2.0.11,2.1.8,1.11.13,1.16.2,0.2.19,0.4.0,0.0.3,main,1.2.0,0.1.0,1.78.0,0.3,0.1.0,master,1.9.3,1.4.0,1.10.0,develop,develop,develop,9.15.0,2.0.3,0.7.17,2.2.5,1.2.9,0.13.0,2.17.0,5.0.1,5.2.2,0.4.1,0.2.2,0.3.3,1.9.0,3.4.00,1.0,0.0.2,0.9.0,develop,0.9.1,0.6.1,3.15.0,7.1.0,3.14.1,3.1.2,4.0.3,1.17.3,2.0.3,10.31,1.6.7,2.13.93,4.8.5,1.2.2,fortran,master,2.1.3,0.9.9,3.1.5,6.1.4,2.0.5,1.1.0,1.20-5,3.0rc2,1.0.3,1.21.0,1.4.12.3,1.13.0,0.5.2,1.5.0,5.4.5,0.7.2,master,3.18.1,3.8.0,3.15.1,7.5,2021.04.01,master,2021.05.02,2.1.0,1.14,20.03,4.1.2,1.0.18,9.3.1,5.4.3,8.5.19,master,1.0.0,0.6.0,5.1.1,3.10.2,2.7.0,0.12.0,0.3.0,17.1,0.12,3.0.00,5.1.0,master,5.3.0
pink,2.70.2,1.10.0,1.12.0,1.4.19,8.5p1,master,3.6.6,1.14.1,4.0.2,3.32.03,develop,3.1.1,2.69,0.13.4,3.18.3,8.40,5.31.7,2.0.12,2.1.12,1.11.8,1.15,0.3.16,main,0.0.3,0.0.4,1.1.1,0.1.0,1.56.0,0.4,0.0.4,1.0.1,master,1.3.0,1.8.16,0.7.0,0.6.9,0.7.1,9.32.5,2.0.3,0.7.12,2.3.1,1.3.1,0.12.1,2.23.0,4.1.2,5.3.5,develop,0.2.2,0.3.3,1.12.1,3.3.01,1.1,0.1.0,master,develop,0.9.2,0.4.5,3.13.3,6.2.0,3.15.5,3.0.3,4.0.3,1.18.4,2.0.2,10.36,1.7.0,2.13.94,5.6.3,1.2.3,1.3.40,1.5.0,1.4.6,0.9.10,3.1.5,6.1.3,2.1.0,1.1.0,1.23,legacy,1.1.2,1.16.3,1.4.13.3,1.10.0,0.5.4,1.3.8,5.7.2,0.8.0,2.2.1,3.23,3.7.0,3.15.2,7.7,2021.04.01,2021.04.00,master,2.0.2,1.14,20.10,4.3.2,1.0.18,7.3.0,5.4.1,8.6.5,1.2.3,master,0.5.7,5.8,3.10.4,2.7.1,0.13.3,0.4.1,20.9.20,0.17,3.0.00,3.1.1,master,5.2.2
mediumspringgreen,2.64.5,1.6.0,1.12.1,1.4.17,7.9p1,12.6.4,3.7.1,1.21,1.7.4,3.35.5,2.4.6,3.2,2.59,0.13.5,3.18.0,8.39,5.30.3,2.0.14,2.0.20,1.11.11,1.14.1,0.3.5,0.5.0,0.1.0,0.0.3,1.2.0,0.0.5,1.57.0,0.3,0.1.0,1.0.2,1.9.2,1.4.0,1.10.8,0.7.2,0.7.0,develop,9.13.13,2.0.4,0.7.13,2.0.2,1.3,develop,2.18.2,main,5.1.5,0.3.6,0.1.0,0.5.0,1.11.2,3.1.01,1.0,0.0.1,2.0.0,master,develop,0.4.3,3.14.0,6.4.0,3.15.1,3.1.2,4.0.2,1.20.0,2.0.3,10.20,1.6.7,2.13.93,5.9.9,1.2.2,3.0.10,1.5-head,2.9.1,0.9.9,1.1.3,6.1.6,2.0.4,1.0.0,1.20-3,2.0.0,1.1.3,1.12.1,1.4.9.2,develop,0.5.1,develop,5.4.5,develop,2.2.2,3.20,3.6.3,3.14.2,7.1,2020.10.02,master,2020.10.00,2.1.0,1.15,20.02,4.3.4,1.0.3,9.3.1,5.5.0,8.6.4,1.3.0,0.9.1,master,5.6.2,3.10.0,master,0.13.2,0.4.0,21.8.29,0.15,master,5.3.0,develop,5.2.1
antiquewhite,2.66.6,1.9.0,1.11.0,1.4.17,8.4p1,12.10.1,3.8.1,1.19,2.0.2,3.27.2,2.4.6,3.4.1,2.62,0.16,3.8.1,8.43,5.35.0,2.0.11,2.0.17,1.11.6,1.13.4,0.3.9,0.3.0,0.0.3,0.0.4,1.1.1,0.0.5,1.54.0,0.3,0.0.4,master,1.8.0,1.3.0,1.8.22,0.7.1,0.6.9,0.7.0,9.13.14,2.0.3,0.7.13,2.3.0,1.2.9,0.14.0,2.15.1,4.0.1,5.2.2,main,0.2.2,0.5.0,1.12.2,3.0.00,master,0.0.2,2.0.1,1.0.3,0.9.1,0.7,3.14.2,7.1.1,3.15.2,3.0.3,4.0.3,1.18.0,2.0.2,10.31,1.6.3,2.13.94,4.8.7,1.2.3,4.0.0,1.2.1,2.6.8,0.9.10,1.1.4,6.1.4,2.0.5,1.1.0,1.24,2.0.0,1.1.1,1.21.0,2.1.11.1,1.13.1,0.5.5,1.4.7,5.8.0,0.7.2,2.2.0,3.19,3.6.2,3.13.0,6.0,master,2020.10.02,2020.10.00,2.0.2,1.12,21.03,4.3.3,1.0.3,7.3.0,5.7.0,8.6.10,master,1.0.0,0.6.0,5.4.2,3.10.0,2.7.0,develop,0.4.1,19.8.1,develop,3.2.00,3.1.0,2020.10.0,5.3.0
aquamarine,2.64.5,1.7.2,1.14.0,1.4.19,8.6p1,12.12.1,3.6.7,1.14.1,4.1.1,3.33.0,develop,3.1.4,2.59,0.13.4,3.22.1,8.42,5.30.1,2.0.14,2.1.11,master,1.15.1,0.2.15,0.4.0,0.1.0,0.1.0,1.2.0,0.1.0,1.74.0,0.4,0.1.0,1.0.1,master,1.4.0,1.10.0-patch1,develop,0.7.0,0.7.0,main,2.0.4,0.7.12,2.0.2,1.3.1,0.12.1,develop,4.1.0,5.3.5,0.4.1,0.1.0,0.3.3,1.7.0,3.1.01,1.1,0.1.0,1.0.1,1.0.3,0.9.1,0.5.1,3.14.3,6.1.0,3.15.1,3.1.2,4.0.2,1.20.3,2.0.3,10.31,1.6.7,2.13.93,5.12.10,1.2.2,2.0.2,1.4.0,2.3.1,0.9.9,3.1.5,6.1.4,2.1.0,1.0.0,1.20-2,legacy,1.1.1,1.12.1,1.4.11.1,1.12.0,0.5.2,1.1.2,5.0.1,develop,2.2.1,3.22,develop,3.14.0,7.1,2021.04.01,2021.04.00,2021.05.02,2.1.0,1.10,21.06,4.3.1,1.0.18,9.3.1,5.5.1,8.6.3,1.2.3,0.9.1,0.5.7,5.3.1,3.10.4,2.7.1,0.14.1,0.1.0,19.8.1,0.12,3.4.01,5.4.0,2020.3.0,5.2.2
yellowgreen,2.64.6,1.10.1,1.8.0,1.4.17,8.7p1,12.18.1,2.7.12,1.21,4.0.2,3.27.0,2.4.6,3.4.2,2.69,0.13.5,3.17.3,8.44,5.30.2,2.0.11,2.0.22,1.11.7,1.16.2,0.3.4,main,0.0.3,main,1.2.0,0.1.0,1.60.0,0.4,0.0.4,1.0.0,1.9.1,1.3.0,1.12.1,0.7.0,develop,develop,9.14.0,2.0.3,0.7.17,2.3.1,1.3,develop,2.18.1,0.3.5,5.2.3,0.4.0,0.2.2,0.5.0,1.8.1,3.0.00,1.0,0.0.1,1.0.0,master,develop,0.9.4,3.15.4,5.1.2,3.15.5,3.0.3,4.0.2,1.18.3,2.0.3,10.20,1.6.3,2.13.94,4.8.6,1.2.2,3.0.8,master,2.6.8,0.9.10,1.1.3,6.1.3,2.0.2,1.0.0,1.20-4,3.0rc2,1.1.3,1.21.0,master,1.13.0,develop,1.4.9,5.5.1,0.8.0,2.2.5,3.21,3.6.0,3.13.1,6.0,master,master,master,2.1.0,1.11,20.04,4.0.6,1.0.3,7.3.0,6.0.0.1,8.6.6,1.3.0,master,0.6.0,5.1.1,3.9.1,master,0.11.1,0.3.0,18.11.1,0.15,develop,5.5.0,2021.3.0,5.2.1
mediumturquoise,2.70.2,1.9.0,1.10.1,1.4.19,8.1p1,13.0.1,3.6.3,1.19,4.0.5,3.26.0,develop,3.1.3,2.62,0.16,3.11.1,8.41,5.32.1,2.0.12,2.0.21,2.5.0,1.16.1,0.2.18,0.5.0,0.1.0,0.0.3,1.1.1,0.0.5,1.71.0,0.3,0.1.0,1.0.2,1.9.0,1.4.0,1.8.19,0.6.0,0.7.1,0.7.1,9.29.0,2.0.4,0.7.15,2.1.4,1.2.9,0.13.0,2.20.0,5.0.0,5.1.5,0.3.6,0.1.0,0.3.3,1.11.0,3.4.01,master,main,2.1.0,develop,0.9.2,0.4.3,3.15.3,6.0.0,3.15.2,3.1.2,4.0.3,1.19.5,2.0.2,10.36,1.7.0,2.13.93,5.15.2,1.2.3,4.0.1,1.3.1,2.9.1,0.9.9,1.1.4,6.1.6,2.0.4,1.1.0,1.20-7,3.0rc1,1.1.2,1.16.3,2.1.9,develop,0.5.3,1.3.0,5.6.2,0.7.1,2.2.6,3.22.1,3.5.0,3.15.1,develop,2020.10.02,2020.10.02,2021.05.01,2.0.2,1.16,20.06,4.2.2,1.0.18,9.3.1,5.6.0,8.6.8,master,0.9.2,master,5.7.1,3.10.2,2.7.0,0.14.3,0.4.0,21.8.29,0.9,3.1.00,5.0.0,2021.9.0,5.3.0
steelblue,2.66.6,1.8.2,1.12.0,1.4.19,8.3p1,12.6.2,3.3.6,1.21,3.1.0,3.30.0,2.4.6,3.3.1,2.62,0.13.5,3.15.3,8.38,5.34.0,2.0.14,2.1.8,1.11.4,1.16.3,0.3.15,0.3.0,0.0.3,main,1.2.0,0.0.5,1.75.0,0.3,0.0.4,1.0.2,1.6.0,1.3.0,develop-1.8,0.7.1,develop,0.7.0,9.15.0,2.0.4,0.7.12,2.3.0,1.3.1,0.10.0,2.20.0,4.1.1,5.2.2,develop,0.2.2,0.3.3,1.11.1,develop,1.0,0.0.2,0.9.0,1.0.3,develop,0.4.5,3.15.2,5.2.2,3.15.4,3.1.2,4.0.3,1.20.1,2.0.3,10.20,1.6.3,2.13.94,5.9.9,1.2.3,master,1.4.0,2.1.3,0.9.9,1.1.4,6.1.3,2.0.5,1.1.0,1.24,2.0.0,1.0.3,1.21.0,2.1.8.0,1.13.1,0.5.5,1.4.0,5.8.0,0.8.0,2.1.0,3.25.1,3.5.0,3.13.4,7.3,2020.10.02,master,2020.10.00,2.0.2,1.10,21.04,4.0.7,1.0.18,9.3.1,5.3.0,8.6.5,master,1.0.0,0.6.0,5.3.1,3.9.1,2.7.1,0.13.0,0.1.0,20.9.20,master,develop,5.6.1,2020.11.0,5.2.2
midnightblue,2.66.2,1.10.2,1.12.1,1.4.17,8.6p1,develop,3.7.6,1.19,2.0.2,3.28.0,develop,3.2,2.69,0.16,3.21.1,8.42,5.33.3,2.0.11,2.0.20,1.11.1,1.13.4,0.3.13,0.4.0,0.1.0,0.0.4,1.1.1,0.1.0,1.55.0,0.4,0.1.0,master,1.9.2,1.4.0,develop-1.10,0.7.2,0.7.1,develop,9.13.14,2.0.3,0.7.15,2.2.5,1.2.9,0.14.0,2.23.0,develop,5.2.3,main,0.1.0,0.5.0,1.10.0,master,1.1,main,2.0.0,develop,0.9.2,0.6.1,3.16.0,5.2.1,3.14.1,3.0.3,4.0.2,1.19.2,2.0.2,10.31,1.7.0,2.13.93,4.8.6,1.2.2,4.0.2,1.5.0,1.4.6,0.9.10,3.1.5,6.1.4,2.0.2,1.0.0,1.20-5,3.0rc2,1.1.0,1.12.1,1.4.12.1,1.10.0,0.5.2,1.4.4,5.4.5,0.7.2,master,3.24,3.7.0,3.14.1,5.1,master,2021.04.00,2021.05.02,2.1.0,1.12,20.12,4.2.5,1.0.3,7.3.0,6.0.0,8.6.4,1.3.0,0.9.1,master,5.7.1,3.10.2,2.7.0,0.14.0,0.4.1,17.1,0.16,3.2.00,3.2.1,2021.9.0,5.2.1
thistle,2.70.2,master,1.9.1,1.4.17,7.9p1,13.0.0,3.8.6,1.14.1,4.0.4,3.30.1,2.4.6,3.0.4,2.59,0.13.4,3.10.1,8.40,5.30.0,2.0.12,2.1.11,1.11.3,1.15,0.2.20,main,0.1.0,0.0.3,1.1.1,0.1.0,1.59.0,0.4,0.0.4,1.0.0,1.4.3,1.4.0,1.8.14,0.7.2,0.6.9,0.7.1,9.13.13,2.0.4,0.7.17,2.2.5,1.3,develop,2.16.0,1.0.0,5.3.5,0.4.1,0.1.0,0.5.0,master,3.3.01,master,0.1.0,2.0.1,master,0.9.1,0.5,3.15.0,6.1.1,3.15.1,3.0.3,4.0.3,1.18.4,2.0.3,10.36,1.6.7,2.13.93,5.6.3,1.2.2,2.0.12,master,2.6.8,0.9.10,1.1.3,6.1.6,2.0.4,1.0.0,1.20-4,3.0rc1,1.1.1,1.16.3,1.4.13.2,1.13.1,0.5.4,1.4.3,5.7.2,0.7.1,2.2.0,3.19,develop,3.14.2,7.7,2021.04.01,2020.10.02,master,2.1.0,1.14,18.10,4.0.5,1.0.3,7.3.0,master,8.6.3,1.2.3,0.9.2,0.5.7,5.4.2,3.10.0,master,0.13.3,0.4.0,21.8.29,0.17,3.0.00,2.6.2,2021.3.0,5.3.0
hotpink,2.64.5,kitware,1.8.1,1.4.19,8.4p1,12.6.3,3.7.9,1.21,4.0.1,3.31.1,develop,3.2.1,2.69,0.13.5,3.17.5,8.39,5.31.7,2.0.11,2.0.17,2.4.1,1.16.2,0.3.6,0.5.0,0.0.3,0.1.0,1.2.0,0.0.5,1.52.0,0.3,0.1.0,1.0.1,1.9.5,1.3.0,1.10.4,develop,0.7.0,0.7.0,main,2.0.3,0.7.13,2.0.2,1.2.9,0.14.0,develop,0.3.3,5.1.5,0.3.6,0.2.2,0.3.3,1.7.0,3.2.00,1.1,0.0.1,2.1.0,1.0.3,0.9.1,0.6,3.16.2,5.1.3,3.15.5,3.1.2,4.0.2,1.18.0,2.0.2,10.31,1.6.3,2.13.94,5.15.2,1.2.3,3.0.11,1.5-head,2.9.1,0.9.9,1.1.4,6.1.3,2.1.0,1.1.0,1.20-2,legacy,1.0.3,1.21.0,1.4.12.3,1.13.0,0.5.3,1.4.8,5.0.1,develop,2.2.4,3.25.1,3.4.0,3.16.0,7.5,master,2020.10.02,2021.05.01,2.0.2,1.15,18.10.1,4.1.4,1.0.18,9.3.1,5.5.1,8.6.6,master,master,master,5.1.1,3.10.4,2.7.1,develop,0.3.0,17.1,0.10,3.4.01,5.7.0,2020.11.0,5.3.0
brown,2.66.6,1.6.0,1.13.2,1.4.17,8.7p1,12.14.1,3.6.1,1.14.1,2.1.3,3.35.5,develop,3.3.2,2.62,0.13.4,3.20.5,8.44,5.30.3,2.0.14,2.0.21,1.11.11,1.16.3,0.3.8,0.5.0,0.1.0,0.0.4,1.1.1,0.1.0,1.50.0,0.4,0.0.4,1.0.1,1.9.3,1.4.0,1.12.0,0.7.1,0.7.1,develop,9.32.5,2.0.3,0.7.17,2.3.0,1.3,0.10.0,2.18.0,2.1.0,5.2.3,0.4.0,0.2.2,0.3.3,1.11.0,3.1.00,1.0,0.1.0,1.0.0,develop,0.9.2,0.6.3,3.13.1,5.0.0,3.15.2,3.1.2,4.0.3,1.17.3,2.0.2,10.36,1.7.0,2.13.94,5.14.2,1.2.2,fortran,1.3.1,2.1.3,0.9.10,1.1.3,6.1.6,2.0.5,1.1.0,1.20-3,2.0.0,1.1.3,1.12.1,2.1.12,develop,develop,1.4.4,5.5.1,develop,2.2.2,3.18.1,3.6.3,3.16.1,7.0,2021.04.01,master,master,2.1.0,1.16,18.09.1,4.3.4,1.0.18,9.3.1,6.0.0.1,8.6.8,1.3.0,master,0.6.0,5.6.2,3.9.1,master,0.14.3,0.1.0,20.9.20,0.13,3.1.00,4.0.1,develop,5.2.1
wheat,2.64.6,1.10.0,1.14.0,1.4.19,8.5p1,12.18.1,3.6.5,1.19,3.1.6,3.35.4,2.4.6,3.1.1,2.59,0.16,3.13.1,8.41,5.26.2,2.0.12,2.1.8,1.11.12,1.16.1,0.3.18,0.4.0,0.0.3,main,1.2.0,0.0.5,1.72.0,0.3,0.1.0,master,1.9.4,1.3.0,1.10.3,0.6.0,0.6.9,0.7.1,9.29.0,2.0.4,0.7.13,2.3.1,1.3.1,0.12.1,2.18.1,4.0.0,5.1.5,main,0.1.0,0.5.0,1.11.1,3.4.00,master,0.0.2,0.9.0,master,develop,0.7,3.14.6,5.1.0,3.14.1,3.0.3,4.0.2,1.21.2,2.0.3,10.20,1.6.7,2.13.93,4.8.5,1.2.3,3.0.2,1.2.1,2.3.1,0.9.9,3.1.5,6.1.4,2.0.2,1.0.0,1.20-7,3.0rc1,1.1.2,1.16.3,1.4.13.4,1.10.0,0.5.1,1.4.2,5.6.2,0.7.1,2.2.3,3.23,3.6.2,3.15.0,5.0,2020.10.02,2021.04.00,2021.05.01,2.0.2,1.11,develop,4.3.1,1.0.3,7.3.0,5.7.0,8.6.10,1.2.3,0.9.2,0.5.7,5.8,3.10.0,2.7.0,0.13.2,0.3.0,18.11.1,0.14,master,3.1.2,2020.3.0,5.2.2
lightslategray,2.66.2,1.8.2,1.8.0,1.4.19,8.3p1,13.0.1,3.7.2,1.19,4.1.2,3.34.0,2.4.6,develop,2.62,0.13.4,3.5.0,8.38,5.32.0,2.0.12,2.1.12,2.1.0,1.14.1,0.3.5,main,0.0.3,0.0.3,1.2.0,0.0.5,develop,0.3,0.0.4,1.0.0,1.7.5,1.3.0,1.8.12,0.7.0,0.7.0,develop,9.14.0,2.0.4,0.7.15,2.1.4,1.3.1,0.13.0,2.15.0,develop,5.3.5,develop,0.2.2,0.5.0,1.12.2,3.1.00,1.0,main,master,1.0.3,0.9.2,0.6.3,3.13.0,5.0.0,3.15.4,3.0.3,4.0.2,1.20.0,2.0.3,10.20,1.7.0,2.13.94,5.12.10,1.2.3,3.0.12,1.3.1,1.4.6,0.9.9,1.1.4,6.1.6,2.1.0,1.0.0,1.20-6,3.0rc2,1.1.0,1.21.0,1.4.13.0,1.12.0,0.5.3,1.1.2,5.5.1,0.7.2,2.2.0,3.21,3.6.0,3.15.2,develop,2021.04.01,master,2020.10.00,2.1.0,1.12,21.08,4.2.5,1.0.3,9.3.1,5.5.0,8.5.19,master,1.0.0,master,5.1.1,3.10.4,master,0.11.1,0.4.0,19.8.1,0.11,3.1.00,3.0.0,master,5.2.2
lightgrey,2.64.6,1.10.2,1.6.2,1.4.17,8.1p1,12.6.1,3.5.6,1.21,2.1.6,3.29.0,develop,3.3,2.59,0.13.5,3.14.6,8.43,5.30.2,2.0.14,2.0.22,1.11.10,1.15.1,0.3.10,0.3.0,0.1.0,0.1.0,1.1.1,0.1.0,1.51.0,0.4,0.1.0,1.0.2,1.7.4,1.4.0,1.10.5,0.7.1,develop,0.7.1,9.34.1,2.0.3,0.7.12,2.1.4,1.2.9,0.10.0,2.14.0,1.0.0,5.2.2,0.3.6,0.1.0,0.3.3,1.8.1,3.1.01,1.1,0.0.1,1.0.1,develop,0.9.1,0.5.1,3.15.5,6.3.0,3.14.1,3.1.2,4.0.3,1.16.6,2.0.2,10.31,1.6.7,2.13.93,4.8.7,1.2.2,4.0.2-fortran,1.2.1,1.4.6,0.9.10,3.1.5,6.1.4,2.0.4,1.1.0,1.23,legacy,1.1.2,1.16.3,1.4.10.0,1.10.0,0.5.1,1.4.0,5.4.5,0.8.0,2.2.3,3.22.1,3.8.0,3.15.0,5.1,master,2020.10.02,2021.05.02,2.0.2,1.10,19.10,4.1.4,1.0.18,7.3.0,5.4.3,8.6.11,1.2.3,0.9.1,0.6.0,5.3.1,3.10.2,2.7.0,0.14.1,0.4.1,21.8.29,0.16,3.2.00,develop,2020.10.0,5.2.1
goldenrod,2.64.5,kitware,1.11.0,1.4.19,8.1p1,develop,2.7.10,1.14.1,1.8.1,3.27.2,2.4.6,3.4,2.69,0.16,3.19.4,8.38,5.33.3,2.0.11,2.0.20,1.11.8,1.14.1,0.3.11,main,0.0.3,main,1.2.0,0.0.5,1.62.0,0.3,0.0.4,1.0.0,1.7.3,1.4.0,develop-1.12,0.6.0,0.6.9,0.7.0,9.13.13,2.0.3,0.7.12,2.0.2,1.3,0.12.1,2.22.0,4.1.1,5.2.2,develop,0.1.0,0.3.3,1.10.0,master,master,main,2.0.0,master,develop,0.6.1,3.13.5,5.3.0,3.15.2,3.0.3,4.0.2,1.18.3,2.0.2,10.36,1.6.3,2.13.94,5.15.2,1.2.3,4.0.1,1.5-head,2.9.1,0.9.10,1.1.3,6.1.3,2.0.4,1.1.0,1.20-2,2.0.0,1.1.1,1.12.1,2.1.11,1.13.1,0.5.2,1.3.0,5.7.2,0.8.0,2.2.6,3.20,3.6.2,3.13.1,7.5,2020.10.02,2021.04.00,master,2.1.0,1.11,18.10,4.3.2,1.0.18,9.3.1,5.4.1,8.6.8,1.3.0,0.9.1,0.5.7,5.7.1,3.10.0,2.7.1,0.14.2,0.3.0,20.9.20,0.11,master,5.2.0,master,5.3.0
teal,2.66.6,1.10.1,1.10.1,1.4.17,8.7p1,12.6.2,2.7.14,1.19,2.1.4,3.35.3,develop,3.1.2,2.69,0.16,3.16.2,8.42,5.34.0,2.0.14,2.1.8,1.11.9,1.15,0.3.12,0.5.0,0.1.0,0.0.4,1.1.1,0.1.0,1.70.0,0.4,0.1.0,1.0.1,1.6.1,1.3.0,1.10.2,0.7.2,0.7.0,develop,9.14.0,2.0.4,0.7.15,2.3.1,1.3.1,develop,2.18.2,0.3.4,5.1.5,0.4.1,0.2.2,0.5.0,1.11.2,3.3.01,1.0,0.0.1,0.9.0,master,develop,0.4.3,3.15.1,5.2.2,3.15.4,3.1.2,4.0.3,1.17.4,2.0.3,10.36,1.7.0,2.13.93,5.6.3,1.2.2,master,1.5.0,2.3.1,0.9.9,3.1.5,6.1.3,2.1.0,1.0.0,1.20-6,3.0rc1,1.1.0,1.21.0,2.1.8.3,1.12.0,0.5.5,1.5.0,5.6.2,0.7.2,2.1.0,3.25,3.6.0,3.16.0,6.0,master,master,2021.05.01,2.0.2,1.14,20.07,4.2.2,1.0.3,7.3.0,5.6.0,8.6.6,master,master,master,5.8,3.9.1,2.7.1,0.14.0,0.4.0,17.1,0.9,develop,5.8.0,2020.11.0,5.2.2
honeydew,2.70.2,1.7.2,1.13.1,1.4.17,8.3p1,12.8.1,3.8.2,1.21,1.7.4,3.27.0,develop,3.1,2.62,0.13.5,3.11.4,8.40,5.30.0,2.0.12,2.0.21,2.0.2,1.16.2,0.2.17,0.3.0,0.0.3,0.1.0,1.1.1,0.0.5,1.64.0,0.4,0.1.0,master,1.8.0,1.4.0,1.8.18,develop,0.7.1,0.7.0,9.13.14,2.0.3,0.7.17,2.2.5,1.3,0.14.0,2.17.0,2.0.0,5.3.5,0.4.0,0.2.2,0.5.0,1.12.1,develop,1.1,0.1.0,2.1.0,1.0.3,0.9.2,0.5,3.14.4,6.3.1,3.15.5,3.0.3,4.0.2,1.21.5,2.0.3,10.31,1.6.7,2.13.93,5.12.10,1.2.3,3.0.2,master,2.1.3,0.9.9,1.1.4,6.1.6,2.0.5,1.0.0,1.24,3.0rc2,1.1.3,1.16.3,2.1.8.1,1.13.0,0.5.4,1.4.3,5.0.1,develop,2.2.1,3.24,3.8.0,3.13.4,7.1,2021.04.01,2020.10.02,2021.05.02,2.0.2,1.15,18.10.1,4.3.3,1.0.18,7.3.0,5.3.0,8.6.5,1.2.3,1.0.0,0.6.0,5.6.2,3.10.2,2.7.0,0.13.0,0.1.0,19.8.1,0.17,3.4.01,4.1.0,2021.3.0,5.2.1
darkgrey,2.66.2,1.6.0,1.7.1,1.4.19,7.9p1,13.0.0,3.7.10,1.14.1,3.1.4,3.27.1,2.4.6,3.4.1,2.59,0.13.4,3.14.1,8.39,5.30.1,2.0.11,2.0.22,1.11.13,1.15.1,0.2.16,0.4.0,0.1.0,0.0.3,1.2.0,0.1.0,1.68.0,0.3,0.0.4,1.0.2,1.7.2,1.3.0,1.8.21,0.7.0,develop,0.7.1,main,2.0.4,0.7.13,2.3.0,1.2.9,0.13.0,2.15.1,4.1.2,5.2.3,main,0.1.0,0.3.3,1.9.0,3.4.01,master,0.0.2,1.0.0,develop,0.9.1,0.9.4,3.14.5,6.1.0,3.15.1,3.1.2,4.0.3,1.21.1,2.0.2,10.20,1.6.3,2.13.94,4.8.5,1.2.2,3.0.8,1.4.0,2.6.8,0.9.10,1.1.3,6.1.4,2.0.2,1.1.0,1.20-5,legacy,1.0.3,1.12.1,1.4.11.0,develop,develop,1.3.8,5.8.0,0.7.1,master,3.22,3.6.3,3.13.0,5.0,2020.10.02,2021.04.00,2020.10.00,2.1.0,1.16,20.04,4.1.2,1.0.3,9.3.1,6.0.0,8.5.19,1.3.0,0.9.2,0.5.7,5.4.2,3.10.4,master,0.12.0,0.4.1,18.11.1,0.10,3.0.00,3.2.0,2020.3.0,5.3.0
fuchsia,2.66.6,1.10.0,1.13.2,1.4.17,8.4p1,master,3.5.3,1.21,4.1.1,3.32.03,2.4.6,3.1.2,2.69,0.16,3.6.0,8.44,5.32.1,2.0.12,2.0.17,1.11.7,1.13.4,0.3.14,0.4.0,0.1.0,0.0.3,1.1.1,0.1.0,1.73.0,0.3,0.1.0,1.0.2,master,1.4.0,develop-1.8,0.7.0,0.7.0,0.7.0,9.15.0,2.0.4,0.7.13,2.3.0,1.2.9,0.10.0,2.16.0,2.1.0,5.3.5,main,0.1.0,0.3.3,1.10.0,3.2.00,1.0,0.1.0,1.0.1,1.0.3,0.9.1,0.6,3.13.6,5.4.0,3.15.2,3.0.3,4.0.3,1.19.5,2.0.3,10.20,1.6.3,2.13.93,4.8.7,1.2.2,2.0.2,master,2.1.3,0.9.10,1.1.3,6.1.3,2.0.4,1.0.0,1.20-7,3.0rc2,1.1.3,1.16.3,2.1.10,develop,0.5.4,1.4.5,5.8.0,0.7.1,2.2.4,3.19,3.7.0,3.15.2,7.0,2020.10.02,2020.10.02,2021.05.01,2.1.0,1.11,20.06,4.1.1,1.0.18,7.3.0,5.3.0,8.6.11,master,1.0.0,master,5.7.1,3.10.0,master,0.12.0,0.4.0,18.11.1,0.14,3.1.00,5.6.1,2021.9.0,5.2.1
darkblue,2.66.2,1.9.0,1.8.0,1.4.19,8.6p1,12.6.4,3.6.9,1.14.1,4.0.2,3.33.0,develop,3.3,2.59,0.13.4,3.19.2,8.43,5.32.0,2.0.14,2.1.11,1.9,1.16.1,0.3.16,main,0.0.3,0.0.4,1.2.0,0.0.5,1.76.0,0.4,0.0.4,1.0.1,1.8.0,1.3.0,develop-1.12,0.7.1,0.6.9,develop,9.29.0,2.0.3,0.7.15,2.1.4,1.3,develop,2.17.0,1.0.1,5.2.2,0.3.6,0.2.2,0.5.0,1.7.0,3.4.00,master,0.0.1,master,develop,develop,0.7,3.14.1,5.1.2,3.15.4,3.1.2,4.0.2,1.20.3,2.0.2,10.36,1.6.7,2.13.94,5.9.9,1.2.3,2.0.12,1.5.0,2.3.1,0.9.9,3.1.5,6.1.6,2.0.2,1.1.0,1.20-4,legacy,1.1.2,1.12.1,1.4.13.5,1.10.0,0.5.2,1.4.9,5.7.2,0.7.2,2.2.2,3.25.1,3.4.0,3.15.1,7.7,2021.04.01,2021.04.00,2020.10.00,2.0.2,1.15,20.10,4.0.6,1.0.3,9.3.1,5.6.0,8.6.4,1.2.3,0.9.1,0.5.7,5.1.1,3.10.2,2.7.0,0.11.1,0.1.0,20.9.20,0.12,develop,5.1.0,develop,5.3.0
ivory,2.64.6,master,1.12.1,1.4.19,8.5p1,12.6.3,3.8.12,1.19,4.0.5,3.26.0,develop,3.4,2.62,0.13.5,3.10.0,8.41,5.26.2,2.0.11,2.1.12,master,1.16.3,0.3.7,0.5.0,0.0.3,main,1.2.0,0.0.5,1.68.0,0.3,0.0.4,master,1.9.1,1.4.0,1.10.0,develop,0.7.1,0.7.1,9.32.5,2.0.4,0.7.12,2.0.2,1.3.1,0.12.1,2.22.0,4.0.1,5.1.5,0.4.1,0.2.2,0.3.3,1.9.0,3.0.00,1.1,main,2.0.1,master,0.9.2,0.4.5,3.13.4,6.4.0,3.15.1,3.0.3,4.0.3,1.18.2,2.0.2,10.31,1.7.0,2.13.94,5.14.2,1.2.3,3.0.12,1.2.1,2.9.1,0.9.9,1.1.4,6.1.4,2.0.5,1.0.0,1.23,3.0rc1,1.1.1,1.21.0,2.0.2.0,1.13.1,0.5.5,1.4.8,5.0.1,develop,2.2.5,3.20,develop,3.14.0,7.3,master,master,master,2.1.0,1.16,19.10,4.0.7,1.0.3,7.3.0,6.0.0,8.6.10,1.3.0,master,0.6.0,5.6.2,3.10.4,2.7.1,0.14.0,0.4.1,21.8.29,0.15,3.4.01,3.0.0,2020.10.0,5.2.2
moccasin,2.70.2,1.6.0,1.8.1,1.4.17,8.3p1,12.10.1,3.4.3,1.19,2.0.2,3.36.0,2.4.6,3.4.2,2.62,0.13.5,3.5.2,8.40,5.30.3,2.0.12,2.1.8,2.4.0,1.16.1,0.2.19,0.3.0,0.1.0,0.1.0,1.1.1,0.1.0,1.65.1,0.4,0.1.0,1.0.0,1.9.3,1.3.0,1.10.8,0.7.2,develop,0.7.0,9.34.1,2.0.3,0.7.17,2.2.5,1.3,0.13.0,2.15.0,6.0.0,5.2.3,0.4.0,0.1.0,0.5.0,1.12.2,master,master,0.0.2,2.0.1,master,develop,0.6.1,3.14.6,6.0.0,3.15.5,3.1.2,4.0.2,1.18.1,2.0.3,10.20,1.6.7,2.13.93,4.8.6,1.2.2,3.0.10,1.3.1,1.4.6,0.9.10,1.1.4,6.1.6,2.1.0,1.1.0,1.20-3,2.0.0,1.1.0,1.16.3,2.1.11,1.13.0,0.5.3,develop,5.5.1,0.8.0,2.2.3,3.23,3.5.0,3.14.1,7.7,master,2021.04.00,2021.05.02,2.0.2,1.12,develop,4.3.0,1.0.18,9.3.1,5.4.1,8.6.3,1.2.3,0.9.2,0.5.7,5.8,3.9.1,2.7.1,0.13.0,0.3.0,19.8.1,develop,3.2.00,5.7.0,2020.10.0,5.2.2
slateblue,2.64.5,kitware,1.12.0,1.4.17,7.9p1,12.12.1,3.5.2,1.14.1,1.7.4,3.35.5,2.4.6,3.4.1,2.69,0.13.4,3.7.2,8.44,5.31.7,2.0.14,2.1.11,2.5.0,1.13.4,develop,0.5.0,0.1.0,0.0.4,1.2.0,0.0.5,1.51.0,0.4,0.1.0,master,1.9.0,1.4.0,1.8.19,0.6.0,0.6.9,develop,9.14.0,2.0.4,0.7.12,2.3.1,1.3.1,0.14.0,2.18.1,main,5.3.5,develop,0.1.0,0.3.3,1.11.0,3.2.00,1.0,0.0.1,2.1.0,1.0.3,0.9.2,0.5.1,3.13.6,5.1.3,3.14.1,3.0.3,4.0.3,1.21.5,2.0.2,10.31,1.7.0,2.13.94,5.15.2,1.2.3,4.0.2-fortran,1.4.0,2.6.8,0.9.9,1.1.3,6.1.3,2.0.4,1.1.0,1.24,3.0rc2,1.0.3,1.21.0,2.1.12,1.12.0,0.5.1,1.4.7,5.4.5,0.7.2,2.2.4,3.21,3.8.0,3.16.1,6.0,2020.10.02,2020.10.02,2021.05.01,2.0.2,1.14,21.01,4.0.5,1.0.18,7.3.0,master,8.5.19,1.3.0,0.9.2,master,5.4.2,3.10.4,master,0.14.1,0.4.0,17.1,0.13,master,5.4.0,2021.9.0,5.2.1
springgreen,2.64.5,1.8.2,1.9.1,1.4.19,8.6p1,12.8.1,3.9.1,1.21,4.0.1,3.34.0,develop,3.1.1,2.59,0.16,3.21.4,8.38,5.35.0,2.0.11,2.0.17,1.11.1,1.14.1,0.3.17,main,0.0.3,0.1.0,1.1.1,0.1.0,1.72.0,0.3,0.0.4,1.0.2,1.9.4,1.3.0,1.8.22,develop,0.7.1,0.7.1,9.13.13,2.0.3,0.7.17,2.1.4,1.2.9,0.13.0,2.15.1,3.0.0,5.2.3,0.3.6,0.2.2,0.5.0,1.11.1,3.4.00,1.1,0.0.2,1.0.1,develop,0.9.1,0.6.3,3.14.5,7.1.1,3.15.4,3.1.2,4.0.2,1.18.1,2.0.3,10.36,1.6.3,2.13.93,5.9.9,1.2.2,1.3.40,1.5-head,2.9.1,0.9.10,3.1.5,6.1.4,2.0.5,1.0.0,1.20-6,legacy,1.0.3,1.12.1,1.4.12.1,1.13.1,develop,1.4.2,5.6.2,0.8.0,master,3.22.1,3.7.0,3.14.2,5.0,2021.04.01,master,2021.05.02,2.1.0,1.10,20.02,4.3.4,1.0.3,9.3.1,5.5.0,8.6.8,master,master,0.6.0,5.3.1,3.9.1,2.7.0,develop,0.3.0,21.8.29,master,3.0.00,5.3.0,master,5.3.0
darkturquoise,2.66.6,1.10.1,1.6.2,1.4.19,8.1p1,master,3.6.11,1.19,4.1.2,3.30.0,develop,3.1.3,2.62,0.13.4,3.21.3,8.43,5.30.2,2.0.14,2.0.21,1.11.2,1.15,0.3.8,0.4.0,0.0.3,main,1.2.0,0.1.0,1.66.0,0.3,0.0.4,1.0.0,1.9.5,1.4.0,1.12.1,0.7.2,develop,0.7.0,9.29.0,2.0.3,0.7.13,2.0.2,1.3,0.14.0,2.14.0,0.3.3,5.2.2,0.4.1,0.2.2,0.5.0,1.11.2,develop,master,0.1.0,2.0.0,1.0.3,develop,0.5,3.14.2,7.1.0,3.15.5,3.1.2,4.0.2,1.21.2,2.0.3,10.31,1.6.7,2.13.94,4.8.7,1.2.3,4.0.2,1.2.1,1.4.6,0.9.9,1.1.3,6.1.6,2.1.0,1.1.0,1.23,2.0.0,1.1.0,1.12.1,1.4.11.0,1.12.0,0.5.5,1.3.0,5.7.2,develop,2.2.0,3.22,3.6.0,3.14.0,7.0,2021.04.01,master,master,2.1.0,1.12,21.03,4.1.1,1.0.3,9.3.1,6.0.0.1,8.6.6,master,1.0.0,0.6.0,5.8,3.10.2,2.7.1,0.13.3,0.4.1,17.1,0.17,3.2.00,2.6.2,2021.3.0,5.2.1
saddlebrown,2.64.6,1.9.0,1.13.1,1.4.17,8.4p1,12.6.2,2.7.8,1.14.1,2.1.3,3.36.0,2.4.6,3.2.1,2.69,0.16,3.13.4,8.41,5.33.3,2.0.11,2.0.22,1.11.6,1.16.3,0.3.10,0.3.0,0.1.0,0.0.3,1.1.1,0.0.5,1.77.0,0.4,0.1.0,1.0.1,1.4.3,1.3.0,1.8.12,0.7.1,0.7.0,0.7.1,9.13.14,2.0.4,0.7.15,2.3.0,1.2.9,0.12.1,2.20.0,5.0.1,5.1.5,develop,0.1.0,0.3.3,1.12.1,3.0.00,1.1,main,master,develop,0.9.1,0.6,3.16.2,6.1.1,3.14.1,3.0.3,4.0.3,1.16.6,2.0.2,10.20,1.7.0,2.13.93,5.12.10,1.2.2,3.0.11,1.5.0,2.1.3,0.9.10,1.1.4,6.1.4,2.0.2,1.0.0,1.20-4,3.0rc1,1.1.1,1.16.3,1.4.13.4,develop,0.5.1,1.4.7,5.4.5,0.7.1,2.1.0,3.25,develop,3.14.1,develop,2020.10.02,2020.10.02,2020.10.00,2.0.2,1.11,21.07,4.2.5,1.0.18,7.3.0,5.5.1,8.6.5,1.3.0,0.9.1,0.5.7,5.1.1,3.10.0,2.7.0,0.14.3,0.1.0,20.9.20,0.9,3.4.01,4.1.0,develop,5.2.2
darkseagreen,2.66.2,1.10.0,1.14.0,1.4.17,8.7p1,13.0.0,3.4.10,1.21,1.8.1,3.31.1,develop,3.3.1,2.59,0.13.5,3.20.0,8.39,5.32.0,2.0.12,2.0.20,1.11.5,1.16.2,0.3.9,main,0.0.3,main,1.2.0,0.0.5,1.74.0,0.4,0.0.4,1.0.0,1.7.5,1.3.0,1.8.18,0.7.0,develop,develop,9.32.5,2.0.3,0.7.13,2.3.1,1.3.1,0.10.0,2.18.2,4.0.0,5.2.3,0.4.0,0.1.0,0.3.3,1.8.1,3.3.01,1.0,0.0.1,1.0.0,master,0.9.2,0.9.4,3.13.0,5.1.0,3.15.1,3.1.2,4.0.3,1.20.0,2.0.3,10.36,1.6.3,2.13.93,4.8.6,1.2.3,4.0.0,1.3.1,2.3.1,0.9.9,3.1.5,6.1.3,2.1.0,1.0.0,1.20-7,3.0rc1,1.1.3,1.21.0,2.0.2.0,1.10.0,0.5.4,develop,5.6.2,develop,2.2.1,3.24,3.5.0,3.13.1,7.3,master,2021.04.00,2020.10.00,2.1.0,1.16,21.12,4.0.7,1.0.18,7.3.0,5.7.0,8.6.3,1.2.3,master,master,5.3.1,3.10.0,master,0.13.2,0.3.0,19.8.1,0.10,develop,5.8.0,2020.3.0,5.3.0
mintcream,2.70.2,master,1.10.1,1.4.19,8.5p1,12.10.1,3.8.11,1.19,2.1.4,3.27.0,2.4.6,3.1.4,2.59,0.16,3.7.1,8.42,5.30.0,2.0.12,2.1.12,2.2.0,1.15.1,0.3.13,0.3.0,0.1.0,0.0.4,1.1.1,0.1.0,1.54.0,0.3,0.1.0,1.0.1,1.7.3,1.4.0,1.10.4,0.6.0,0.7.0,0.7.0,9.15.0,2.0.4,0.7.17,2.2.5,1.3,develop,develop,5.0.0,5.2.2,main,0.2.2,0.5.0,master,3.1.01,master,0.0.2,0.9.0,develop,0.9.1,0.4.3,3.13.1,6.2.0,3.15.2,3.0.3,4.0.2,1.17.4,2.0.2,10.36,1.6.7,2.13.94,5.6.3,1.2.2,fortran,master,2.6.8,0.9.10,1.1.4,6.1.3,2.0.5,1.1.0,1.20-3,legacy,1.1.2,1.21.0,2.1.11.1,1.13.0,develop,1.4.9,5.0.1,0.7.2,2.2.5,3.18.1,3.4.0,3.15.1,7.5,2020.10.02,master,2021.05.01,2.0.2,1.14,21.04,4.1.4,1.0.3,9.3.1,5.4.3,8.6.10,1.3.0,0.9.1,master,5.7.1,3.10.4,master,0.14.2,0.4.0,18.11.1,0.14,master,develop,2020.11.0,5.2.2
forestgreen,2.64.5,1.10.2,1.11.0,1.4.19,8.7p1,12.6.4,3.8.7,1.14.1,3.1.0,3.30.1,2.4.6,3.1,2.69,0.13.4,3.11.0,8.43,5.31.7,2.0.14,2.0.20,2.0.0,1.15.1,0.3.4,0.4.0,0.0.3,0.0.3,1.2.0,0.1.0,develop,0.3,0.1.0,master,1.6.0,1.3.0,1.8.16,develop,0.7.1,develop,main,2.0.4,0.7.15,2.1.4,1.3.1,0.10.0,2.18.0,0.3.5,5.1.5,develop,0.1.0,0.3.3,1.9.0,3.4.01,1.0,main,0.9.0,1.0.3,0.9.2,0.7,3.14.1,develop,3.15.5,3.1.2,4.0.3,1.17.3,2.0.3,10.31,1.6.3,2.13.94,4.8.5,1.2.2,4.0.0,1.4.0,2.6.8,0.9.10,3.1.5,6.1.4,2.0.2,1.0.0,1.20-5,2.0.0,1.1.2,1.12.1,2.1.8.0,1.10.0,0.5.2,1.1.2,5.5.1,0.8.0,2.2.6,3.25,3.6.3,3.13.0,7.1,master,2020.10.02,master,2.0.2,1.10,21.10,4.3.1,1.0.3,7.3.0,5.4.1,8.6.11,1.2.3,1.0.0,0.5.7,5.6.2,3.9.1,2.7.1,0.14.3,0.4.1,19.8.1,develop,3.0.00,3.1.2,2021.3.0,5.2.1
darkcyan,2.64.6,1.7.2,1.7.1,1.4.17,8.5p1,12.6.3,3.8.4,1.21,3.1.4,3.29.0,develop,3.0.4,2.62,0.13.5,3.19.1,8.40,5.30.1,2.0.11,2.0.21,2.3.0,1.16.2,0.3.18,0.5.0,0.1.0,0.1.0,1.1.1,0.0.5,1.73.0,0.4,0.0.4,1.0.2,1.9.2,1.4.0,1.8.21,0.7.0,0.6.9,0.7.1,9.34.1,2.0.3,0.7.12,2.3.1,1.2.9,0.13.0,2.23.0,4.1.0,5.3.5,0.4.1,0.2.2,0.5.0,1.11.0,3.1.00,1.1,0.1.0,2.0.0,master,develop,0.4.5,3.13.4,5.2.1,3.15.1,3.0.3,4.0.2,1.18.0,2.0.2,10.20,1.7.0,2.13.93,5.14.2,1.2.3,2.0.2,1.5-head,2.9.1,0.9.9,1.1.3,6.1.6,2.0.4,1.1.0,1.20-2,3.0rc2,1.1.3,1.16.3,master,1.13.1,0.5.3,1.4.8,5.8.0,0.7.1,2.2.2,3.20,3.6.2,3.16.0,5.1,2021.04.01,2021.04.00,2021.05.02,2.1.0,1.15,20.11,4.2.2,1.0.18,9.3.1,5.5.1,8.6.4,master,0.9.2,0.6.0,5.4.2,3.10.2,2.7.0,0.12.0,0.1.0,21.8.29,0.12,3.1.00,2.7.0,develop,5.3.0
dimgrey,2.66.6,1.10.0,1.6.2,1.4.19,8.3p1,develop,3.8.8,1.14.1,4.0.4,3.35.4,develop,develop,2.62,0.13.4,3.8.2,8.39,5.34.0,2.0.12,2.0.22,1.11.4,1.15,0.2.17,0.3.0,0.1.0,main,1.2.0,0.1.0,1.70.0,0.3,0.0.4,1.0.1,1.7.4,1.3.0,1.10.2,0.7.1,0.7.1,develop,9.34.1,2.0.3,0.7.12,2.2.5,1.3.1,develop,2.18.1,5.0.1,5.3.5,0.3.6,0.2.2,0.5.0,1.8.1,3.4.01,master,main,2.1.0,master,0.9.1,0.6.3,3.15.4,develop,3.14.1,3.0.3,4.0.2,1.19.2,2.0.2,10.20,1.6.3,2.13.94,4.8.6,1.2.3,3.0.2,1.5-head,2.1.3,0.9.9,1.1.3,6.1.3,2.1.0,1.1.0,1.20-3,3.0rc1,1.1.1,1.16.3,2.1.9,1.13.0,0.5.3,1.4.3,5.8.0,develop,2.1.0,3.22.1,3.7.0,3.16.1,5.0,master,2020.10.02,2021.05.02,2.0.2,1.15,21.02,4.0.6,1.0.18,9.3.1,5.5.0,8.6.8,1.3.0,master,0.6.0,5.4.2,3.10.4,master,0.14.2,0.4.1,18.11.1,master,3.0.00,5.5.0,2021.9.0,5.2.2
tan,2.70.2,1.10.1,1.13.1,1.4.17,8.4p1,13.0.1,3.6.12,1.21,3.1.6,3.33.0,2.4.6,3.2,2.69,0.16,3.10.3,8.38,5.30.3,2.0.14,2.0.17,2.0.1,1.16.3,0.3.15,main,0.0.3,0.0.3,1.1.1,0.0.5,1.58.0,0.4,0.1.0,1.0.2,1.7.2,1.4.0,1.8.10,0.7.2,0.7.0,0.7.1,9.13.13,2.0.4,0.7.13,2.3.0,1.2.9,0.12.1,2.22.0,6.0.0,5.1.5,0.4.0,0.1.0,0.3.3,1.12.2,develop,1.0,0.1.0,1.0.1,develop,develop,0.4.3,3.13.5,7.1.1,3.15.2,3.1.2,4.0.3,1.20.1,2.0.3,10.31,1.7.0,2.13.93,5.6.3,1.2.2,3.0.10,1.2.1,1.4.6,0.9.10,1.1.4,6.1.6,2.0.5,1.0.0,1.20-6,2.0.0,1.0.3,1.21.0,1.4.13.3,1.12.0,develop,1.4.0,5.7.2,0.8.0,2.2.2,3.25.1,develop,3.15.0,7.3,2021.04.01,master,2021.05.01,2.1.0,1.12,21.05,4.3.3,1.0.3,7.3.0,master,8.6.4,master,1.0.0,master,5.8,3.10.2,2.7.0,0.14.0,0.3.0,20.9.20,0.11,3.1.00,4.0.1,2020.3.0,5.2.1
aliceblue,2.66.2,1.6.0,1.11.0,1.4.17,8.1p1,12.18.1,2.7.15,1.19,2.1.6,3.35.3,2.4.6,3.3.2,2.59,0.13.5,3.16.9,8.42,5.26.2,2.0.11,2.1.8,2.6.0,1.16.1,0.2.15,0.4.0,0.0.3,0.0.4,1.2.0,0.0.5,1.61.0,0.3,0.1.0,1.0.0,1.6.1,1.3.0,1.10.3,0.6.0,0.6.9,0.7.0,9.32.5,2.0.4,0.7.15,2.0.2,1.3,0.14.0,2.17.0,0.3.3,5.2.3,main,0.1.0,0.3.3,1.11.1,master,1.1,0.0.2,2.0.1,1.0.3,0.9.2,0.5.1,3.15.5,6.3.1,3.15.4,3.1.2,4.0.2,1.18.4,2.0.3,10.36,1.6.7,2.13.93,5.15.2,1.2.3,3.0.8,1.3.1,2.3.1,0.9.10,3.1.5,6.1.4,2.0.2,1.1.0,1.20-4,legacy,1.1.0,1.12.1,1.4.13.0,develop,0.5.4,1.4.4,5.0.1,0.7.2,master,3.23,3.8.0,3.14.2,6.0,2020.10.02,2021.04.00,2020.10.00,2.1.0,1.14,20.12,4.1.2,1.0.3,9.3.1,5.3.0,8.6.5,1.2.3,0.9.2,0.5.7,5.7.1,3.9.1,2.7.1,0.14.1,0.1.0,17.1,0.16,develop,3.1.0,2020.10.0,5.3.0
deepskyblue,2.70.2,1.10.2,1.7.1,1.4.19,7.9p1,12.14.1,3.6.8,1.14.1,4.0.1,3.27.2,develop,3.1.2,2.59,0.16,3.18.1,8.44,5.35.0,2.0.12,2.1.11,2.1.0,1.14.1,0.2.16,0.5.0,0.1.0,0.1.0,1.1.1,0.1.0,1.69.0,0.4,0.0.4,master,1.9.5,1.4.0,develop-1.10,0.6.0,develop,develop,9.13.14,2.0.3,0.7.17,2.0.2,1.2.9,0.12.1,2.15.0,main,5.2.2,0.4.1,0.2.2,0.5.0,1.12.1,3.2.00,1.1,0.0.1,master,develop,0.9.1,0.5,3.13.3,6.2.0,3.15.4,3.0.3,4.0.3,1.18.3,2.0.2,10.36,1.6.7,2.13.94,4.8.5,1.2.2,4.0.1,1.4.0,2.6.8,0.9.9,3.1.5,6.1.3,2.0.4,1.0.0,1.23,3.0rc2,1.1.0,1.21.0,1.4.9.2,1.13.0,0.5.1,1.5.0,5.5.1,0.7.1,2.2.3,3.19,3.6.0,3.15.2,7.5,master,master,master,2.0.2,1.11,21.09,4.3.0,1.0.18,7.3.0,5.6.0,8.6.3,1.3.0,0.9.1,0.5.7,5.6.2,3.10.0,2.7.1,0.11.1,0.4.0,19.8.1,0.15,3.2.00,3.2.1,master,5.2.2
papayawhip,2.64.6,1.7.2,1.14.0,1.4.19,8.6p1,12.12.1,2.7.17,1.21,3.1.4,3.27.1,develop,3.3.1,2.62,0.13.5,3.19.7,8.41,5.32.1,2.0.14,2.1.12,1.11.2,1.13.4,0.2.18,main,0.1.0,0.1.0,1.1.1,0.1.0,1.59.0,0.4,0.1.0,1.0.2,1.9.2,1.3.0,1.8.14,0.7.1,0.7.0,0.7.0,9.14.0,2.0.4,0.7.12,2.3.1,1.3,develop,2.18.0,3.0.0,5.1.5,main,0.2.2,0.3.3,1.7.0,3.1.00,master,0.0.1,1.0.0,1.0.3,0.9.2,0.7,3.14.3,5.1.0,3.15.1,3.0.3,4.0.2,1.21.1,2.0.2,10.20,1.6.3,2.13.93,5.9.9,1.2.3,master,1.5.0,2.9.1,0.9.9,1.1.3,6.1.4,2.0.4,1.0.0,1.20-7,3.0rc2,1.1.1,1.16.3,1.4.13.2,1.12.0,0.5.2,1.4.5,5.4.5,0.7.1,2.2.1,3.24,3.6.3,3.13.4,7.1,2020.10.02,2020.10.02,2021.05.01,2.0.2,1.10,19.08,4.3.2,1.0.3,7.3.0,6.0.0,8.6.6,master,0.9.1,0.6.0,5.3.1,3.10.2,2.7.0,0.13.2,0.4.0,21.8.29,0.13,3.4.01,3.1.1,2020.11.0,5.3.0
lightslategrey,2.66.2,master,1.12.1,1.4.17,8.1p1,12.6.1,3.8.8,1.19,4.0.4,3.32.03,2.4.6,3.4,2.69,0.13.4,3.19.6,8.39,5.32.1,2.0.11,2.0.17,1.11.8,1.13.4,0.3.7,0.4.0,0.0.3,main,1.2.0,0.0.5,1.78.0,0.3,0.0.4,1.0.0,1.7.4,1.4.0,1.10.5,0.7.2,0.7.1,0.7.1,9.15.0,2.0.3,0.7.15,2.1.4,1.3.1,0.13.0,2.16.0,4.1.2,5.2.3,0.4.0,0.1.0,0.5.0,1.10.0,3.1.01,1.0,0.1.0,2.0.1,master,develop,0.4.5,3.16.0,6.3.0,3.15.2,3.1.2,4.0.3,1.19.5,2.0.3,10.31,1.7.0,2.13.94,4.8.7,1.2.2,4.0.2-fortran,master,2.3.1,0.9.10,1.1.4,6.1.6,2.1.0,1.1.0,1.20-5,2.0.0,1.1.3,1.12.1,1.4.12.3,1.10.0,0.5.5,1.3.8,5.6.2,develop,2.2.4,3.22,3.4.0,3.13.4,develop,2021.04.01,2021.04.00,master,2.1.0,1.16,21.06,4.0.5,1.0.18,9.3.1,6.0.0.1,8.6.11,1.2.3,master,master,5.1.1,3.10.0,master,0.13.3,0.3.0,17.1,0.11,master,3.2.0,2020.10.0,5.2.1
burlywood,2.64.5,kitware,1.8.1,1.4.17,8.3p1,12.18.1,3.9.4,1.14.1,1.7.4,3.26.0,2.4.6,3.3,2.62,0.13.4,3.9.6,8.38,5.26.2,2.0.12,2.1.12,1.11.1,1.16.2,0.3.5,0.5.0,0.0.3,0.0.4,1.2.0,0.1.0,1.71.0,0.4,0.1.0,master,1.7.5,1.4.0,1.12.0,develop,0.6.9,develop,9.29.0,2.0.3,0.7.17,2.3.0,1.3.1,0.10.0,develop,0.3.4,5.2.2,0.3.6,0.2.2,0.3.3,1.11.2,3.4.00,1.0,main,2.0.0,1.0.3,develop,0.6.1,3.14.0,5.1.2,3.15.5,3.0.3,4.0.3,1.20.3,2.0.2,10.20,1.7.0,2.13.93,5.12.10,1.2.2,3.0.11,1.3.1,1.4.6,0.9.9,1.1.3,6.1.3,2.0.5,1.1.0,1.24,legacy,1.1.2,1.16.3,1.4.11.1,develop,0.5.5,develop,5.5.1,0.8.0,2.2.6,3.21,3.6.2,3.15.2,5.1,master,2021.04.00,2021.05.02,2.0.2,1.10,18.09.1,4.1.1,1.0.18,7.3.0,5.4.3,8.5.19,1.3.0,1.0.0,master,5.3.1,3.9.1,2.7.0,develop,0.1.0,18.11.1,0.14,3.2.00,5.2.0,2020.3.0,5.3.0
sandybrown,2.66.6,1.8.2,1.9.1,1.4.19,8.5p1,12.12.1,3.6.11,1.19,4.1.2,3.28.0,develop,3.2.1,2.69,0.16,3.18.2,8.40,5.31.7,2.0.11,2.0.22,2.4.0,1.15.1,0.3.14,0.3.0,0.1.0,0.0.3,1.1.1,0.0.5,1.63.0,0.3,0.0.4,1.0.1,1.7.2,1.3.0,1.10.0-patch1,0.7.0,develop,0.7.1,main,2.0.4,0.7.13,2.2.5,1.3,0.14.0,2.14.0,develop,5.3.5,develop,0.1.0,0.5.0,master,3.0.00,master,0.0.2,2.1.0,master,0.9.2,0.6,3.14.4,6.1.1,3.14.1,3.1.2,4.0.2,1.18.2,2.0.3,10.31,1.6.7,2.13.94,5.14.2,1.2.3,3.0.12,master,2.1.3,0.9.10,3.1.5,6.1.4,2.0.2,1.0.0,1.20-2,3.0rc1,1.0.3,1.21.0,1.4.10.0,1.13.1,0.5.3,1.3.8,5.6.2,0.7.2,2.2.0,3.18.1,3.5.0,3.15.1,7.7,2020.10.02,2020.10.02,2020.10.00,2.1.0,1.12,21.08,4.1.4,1.0.3,9.3.1,5.7.0,8.6.10,1.2.3,0.9.2,0.5.7,5.1.1,3.10.4,2.7.1,0.13.0,0.4.1,20.9.20,0.10,develop,5.0.0,2021.3.0,5.2.1
darkkhaki,2.70.2,1.9.0,1.8.0,1.4.17,8.7p1,12.14.1,3.6.1,1.21,4.1.1,3.35.5,2.4.6,3.0.4,2.59,0.13.5,3.13.3,8.43,5.30.3,2.0.14,2.0.21,2.2.0,1.15,0.3.12,0.4.0,0.0.3,0.0.4,1.1.1,0.1.0,1.50.0,0.3,0.0.4,1.0.0,1.6.1,1.3.0,1.10.0,0.6.0,0.6.9,0.7.0,9.14.0,2.0.4,0.7.17,2.2.5,1.2.9,0.14.0,2.15.1,5.0.0,5.1.5,main,0.2.2,0.3.3,1.10.0,3.3.01,1.1,0.1.0,master,develop,0.9.1,0.9.4,3.15.0,6.4.0,3.15.5,3.0.3,4.0.3,1.17.4,2.0.3,10.36,1.6.3,2.13.93,5.6.3,1.2.2,1.3.40,1.4.0,2.3.1,0.9.10,1.1.4,6.1.6,2.0.2,1.1.0,1.20-2,3.0rc1,1.1.2,1.12.1,2.1.8.3,1.13.1,0.5.1,1.4.8,5.7.2,0.8.0,2.2.5,3.22.1,3.7.0,3.16.0,7.0,2021.04.01,master,master,2.1.0,1.15,20.01,4.2.5,1.0.3,9.3.1,5.7.0,8.5.19,master,0.9.1,0.6.0,5.8,3.10.0,master,0.13.3,0.4.0,21.8.29,master,3.0.00,5.4.0,develop,5.2.2
salmon,2.64.6,1.10.2,1.10.1,1.4.19,8.6p1,develop,3.7.5,1.14.1,1.8.1,3.30.0,develop,3.1,2.59,0.16,3.15.2,8.41,5.30.2,2.0.14,2.1.11,1.11.13,1.14.1,0.2.20,0.3.0,0.1.0,0.1.0,1.2.0,0.0.5,1.53.0,0.4,0.1.0,1.0.2,1.9.4,1.4.0,1.10.8,develop,0.7.1,0.7.1,9.32.5,2.0.3,0.7.12,2.3.1,1.3.1,0.13.0,2.20.0,2.0.0,5.2.3,0.4.1,0.1.0,0.5.0,master,3.2.00,1.0,0.0.2,0.9.0,master,develop,0.7,3.15.2,6.0.0,3.15.1,3.1.2,4.0.2,1.16.6,2.0.2,10.31,1.6.3,2.13.94,5.15.2,1.2.3,4.0.2,1.5.0,1.4.6,0.9.9,1.1.3,6.1.4,2.1.0,1.0.0,1.20-6,3.0rc2,1.1.3,1.21.0,1.4.13.5,1.10.0,develop,1.4.2,5.8.0,0.7.2,2.2.1,3.23,develop,3.14.2,7.5,2021.04.01,2021.04.00,2021.05.02,2.0.2,1.14,20.03,4.3.3,1.0.18,7.3.0,5.4.1,8.6.11,master,1.0.0,0.5.7,5.6.2,3.10.2,master,0.14.3,0.1.0,18.11.1,0.12,3.4.01,5.7.0,2021.9.0,5.3.0
chocolate,2.66.2,1.7.2,1.12.0,1.4.17,7.9p1,13.0.1,3.9.1,1.21,3.1.6,3.27.0,develop,3.2,2.69,0.13.5,3.16.8,8.42,5.34.0,2.0.12,2.0.20,1.11.6,1.16.3,0.3.6,0.5.0,0.0.3,main,1.2.0,0.0.5,1.55.0,0.4,0.1.0,master,1.9.0,1.4.0,1.8.21,0.7.1,develop,develop,9.13.14,2.0.4,0.7.15,2.3.0,1.2.9,develop,2.18.2,4.1.0,5.2.2,0.4.0,0.2.2,0.3.3,1.7.0,master,master,main,1.0.1,1.0.3,0.9.2,0.9.4,3.15.3,5.2.2,3.15.4,3.1.2,4.0.3,1.18.2,2.0.3,10.20,1.6.7,2.13.94,5.12.10,1.2.2,2.0.12,1.5-head,2.9.1,0.9.10,3.1.5,6.1.3,2.0.4,1.0.0,1.20-5,2.0.0,1.1.0,1.12.1,2.1.8.1,1.12.0,0.5.4,1.4.5,5.4.5,develop,2.2.0,3.25,3.6.2,3.15.0,6.0,2020.10.02,2020.10.02,2020.10.00,2.1.0,1.16,20.08,4.2.2,1.0.18,7.3.0,6.0.0.1,8.6.6,1.3.0,0.9.2,master,5.4.2,3.9.1,2.7.1,0.14.1,0.3.0,19.8.1,0.13,master,3.2.1,2020.11.0,5.2.1
aqua,2.66.6,1.6.0,1.13.2,1.4.19,8.4p1,12.8.1,3.5.3,1.19,2.1.6,3.29.0,2.4.6,3.1.1,2.62,0.13.4,3.14.0,8.44,5.30.1,2.0.11,2.1.8,master,1.16.1,0.3.16,main,0.1.0,0.0.3,1.1.1,0.1.0,1.56.0,0.3,0.0.4,1.0.1,1.7.3,1.3.0,1.8.16,0.7.0,0.7.0,0.7.0,9.29.0,2.0.3,0.7.13,2.0.2,1.3,0.12.1,2.23.0,4.0.0,5.3.5,0.3.6,0.1.0,0.5.0,1.9.0,3.4.00,1.1,0.0.1,1.0.0,develop,0.9.1,0.4.5,3.15.1,5.3.0,3.15.2,3.0.3,4.0.2,1.20.3,2.0.2,10.36,1.7.0,2.13.93,4.8.6,1.2.3,fortran,1.2.1,2.6.8,0.9.9,1.1.4,6.1.6,2.0.5,1.1.0,1.20-4,legacy,1.1.1,1.16.3,2.1.10,develop,0.5.2,1.4.0,5.0.1,0.7.1,2.2.6,3.18.1,3.8.0,3.16.1,7.0,master,master,2021.05.01,2.0.2,1.11,20.09,4.0.6,1.0.3,9.3.1,master,8.6.8,1.2.3,master,0.6.0,5.7.1,3.10.4,2.7.0,0.14.0,0.4.1,20.9.20,0.9,3.1.00,5.3.0,master,5.2.2
lime,2.64.5,1.10.0,1.12.1,1.4.19,8.6p1,12.6.2,3.8.7,1.21,2.1.3,3.33.0,develop,3.1.3,2.59,0.13.4,3.14.2,8.41,5.33.3,2.0.11,2.1.8,1.11.3,1.16.1,0.3.11,main,0.1.0,0.0.3,1.2.0,0.0.5,1.64.0,0.3,0.0.4,1.0.0,1.6.0,1.4.0,1.10.5,0.7.2,develop,0.7.1,9.13.13,2.0.3,0.7.17,2.1.4,1.3,0.10.0,2.16.0,1.0.0,5.3.5,develop,0.1.0,0.3.3,1.12.1,3.4.01,master,main,0.9.0,1.0.3,develop,0.5,3.14.4,5.4.0,3.14.1,3.0.3,4.0.3,1.18.3,2.0.3,10.31,1.6.3,2.13.93,4.8.5,1.2.2,3.0.11,1.2.1,2.1.3,0.9.9,3.1.5,6.1.3,2.0.2,1.1.0,1.20-3,legacy,1.0.3,1.21.0,1.4.13.4,1.13.0,0.5.4,1.4.7,5.4.5,0.7.2,2.2.4,3.21,3.6.3,3.14.0,develop,2021.04.01,2021.04.00,2021.05.01,2.1.0,1.10,21.12,4.3.0,1.0.3,9.3.1,5.4.3,8.6.10,1.2.3,1.0.0,master,5.4.2,3.10.0,2.7.0,0.12.0,0.1.0,17.1,develop,3.2.00,2.7.0,2020.11.0,5.2.1
gold,2.64.5,kitware,1.9.1,1.4.17,7.9p1,master,3.7.7,1.19,3.1.0,3.28.0,2.4.6,3.4.2,2.69,0.16,3.15.4,8.42,5.35.0,2.0.12,2.0.20,1.11.12,1.15,0.3.17,0.5.0,0.0.3,0.0.4,1.1.1,0.1.0,1.62.0,0.4,0.1.0,1.0.2,1.8.0,1.3.0,develop-1.10,0.7.0,0.7.1,0.7.0,main,2.0.4,0.7.12,2.2.5,1.2.9,0.14.0,2.22.0,4.0.1,5.2.3,0.4.0,0.2.2,0.5.0,1.11.1,3.1.00,1.0,0.0.1,1.0.0,master,0.9.1,0.5.1,3.15.0,5.2.1,3.14.1,3.1.2,4.0.2,1.20.0,2.0.2,10.36,1.6.7,2.13.94,4.8.7,1.2.3,2.0.2,master,1.4.6,0.9.10,1.1.3,6.1.6,2.0.4,1.0.0,1.24,3.0rc1,1.0.3,1.12.1,2.1.8.0,develop,develop,1.4.9,5.6.2,0.7.1,2.2.2,3.25.1,3.4.0,3.14.1,7.7,2020.10.02,master,master,2.0.2,1.14,21.08,4.0.5,1.0.18,7.3.0,5.6.0,8.6.4,1.3.0,master,0.5.7,5.8,3.10.4,master,0.14.2,0.4.0,18.11.1,0.17,3.0.00,3.1.0,master,5.3.0
black,2.66.6,1.10.1,1.13.1,1.4.19,8.1p1,13.0.0,3.8.6,1.14.1,4.0.2,3.36.0,develop,3.3.2,2.62,0.13.5,3.3.1,8.43,5.30.0,2.0.14,2.1.11,2.6.0,1.13.4,develop,0.3.0,0.1.0,0.1.0,1.2.0,0.1.0,1.57.0,0.3,0.0.4,1.0.1,1.9.3,1.4.0,1.8.19,0.7.1,0.7.0,develop,9.34.1,2.0.3,0.7.13,2.3.1,1.3.1,0.10.0,2.17.0,4.1.1,5.1.5,main,0.2.2,0.3.3,1.11.0,develop,1.1,0.0.2,2.0.1,develop,0.9.2,0.6.1,3.13.6,6.1.0,3.15.5,3.0.3,4.0.2,1.21.1,2.0.3,10.20,1.7.0,2.13.94,5.14.2,1.2.3,fortran,1.3.1,2.6.8,0.9.10,1.1.4,6.1.4,2.1.0,1.0.0,1.20-7,2.0.0,1.1.0,1.16.3,1.4.11.0,1.13.1,0.5.1,1.1.2,5.7.2,develop,2.1.0,3.24,3.5.0,3.13.0,7.3,master,2020.10.02,2021.05.02,2.1.0,1.16,18.10.1,4.3.2,1.0.18,9.3.1,5.5.1,8.6.3,master,0.9.1,0.6.0,5.7.1,3.9.1,2.7.1,0.13.0,0.4.1,17.1,0.15,develop,5.6.1,2021.9.0,5.2.2
seagreen,2.66.2,master,1.10.1,1.4.17,8.5p1,12.10.1,3.6.0,1.21,2.0.2,3.31.1,2.4.6,3.4.1,2.59,0.13.5,3.19.0,8.38,5.32.0,2.0.12,2.0.17,2.0.2,1.14.1,0.2.19,0.4.0,0.0.3,main,1.1.1,0.0.5,1.67.0,0.4,0.1.0,master,1.9.1,1.3.0,develop-1.12,develop,0.6.9,0.7.1,9.15.0,2.0.4,0.7.15,2.0.2,1.3,develop,2.15.0,2.1.0,5.2.2,develop,0.1.0,0.5.0,1.8.1,3.3.01,1.1,0.1.0,2.0.0,master,0.9.2,0.6,3.13.4,5.1.3,3.15.4,3.1.2,4.0.3,1.19.5,2.0.2,10.20,1.6.3,2.13.93,5.9.9,1.2.2,master,1.5-head,2.3.1,0.9.9,3.1.5,6.1.4,2.0.5,1.1.0,1.23,3.0rc2,1.1.3,1.21.0,2.1.10,1.13.0,0.5.3,1.5.0,5.5.1,0.8.0,2.2.3,3.20,3.6.0,3.13.1,5.0,master,master,2020.10.00,2.0.2,1.11,19.08,4.1.2,1.0.3,7.3.0,5.3.0,8.6.5,1.2.3,0.9.2,master,5.3.1,3.10.2,2.7.0,0.11.1,0.3.0,20.9.20,0.16,3.1.00,3.2.0,2020.10.0,5.2.2
red,2.64.6,1.8.2,1.6.2,1.4.19,8.3p1,12.6.3,3.5.1,1.14.1,4.0.5,3.35.3,2.4.6,3.1.4,2.69,0.16,3.18.4,8.44,5.30.0,2.0.11,2.0.21,1.11.11,1.16.3,develop,0.3.0,0.1.0,main,1.2.0,0.1.0,1.60.0,0.4,0.0.4,master,master,1.3.0,1.12.1,0.7.2,develop,develop,9.34.1,2.0.3,0.7.12,2.1.4,1.2.9,0.13.0,2.18.1,0.3.5,5.3.5,0.4.1,0.1.0,0.3.3,1.11.2,3.1.01,1.0,0.0.2,1.0.1,develop,develop,0.6.3,3.14.1,5.0.0,3.15.1,3.0.3,4.0.2,1.21.2,2.0.2,10.31,1.6.7,2.13.94,4.8.6,1.2.2,2.0.12,1.4.0,2.1.3,0.9.9,1.1.3,6.1.3,2.0.5,1.1.0,1.20-2,2.0.0,1.1.2,1.12.1,1.4.12.1,1.10.0,0.5.5,1.4.3,5.8.0,develop,2.2.5,3.19,3.6.0,3.13.4,5.1,2020.10.02,2020.10.02,2020.10.00,2.0.2,1.15,21.05,4.3.4,1.0.3,9.3.1,6.0.0,8.6.3,1.3.0,master,0.6.0,5.1.1,3.10.4,2.7.1,develop,0.4.0,19.8.1,0.12,master,3.1.1,develop,5.3.0
olive,2.70.2,1.9.0,1.7.1,1.4.17,8.7p1,12.6.1,3.4.10,1.19,2.1.4,3.34.0,develop,develop,2.62,0.13.4,3.16.7,8.40,5.34.0,2.0.14,2.1.12,2.3.0,1.16.2,0.3.4,main,0.0.3,0.0.4,1.1.1,0.0.5,1.65.0,0.3,0.1.0,1.0.1,1.4.3,1.4.0,1.8.14,0.6.0,0.7.1,0.7.0,9.32.5,2.0.4,0.7.13,2.3.0,1.3.1,0.12.1,2.18.0,1.0.1,5.2.2,0.3.6,0.2.2,0.5.0,1.12.2,3.0.00,master,0.1.0,master,1.0.3,0.9.1,0.4.3,3.16.0,7.1.0,3.15.2,3.1.2,4.0.3,1.18.0,2.0.3,10.36,1.7.0,2.13.93,5.9.9,1.2.3,4.0.2,1.5.0,2.9.1,0.9.10,1.1.4,6.1.6,2.0.4,1.0.0,1.20-4,3.0rc2,1.1.1,1.16.3,2.1.11.1,1.12.0,0.5.2,1.4.4,5.0.1,0.7.2,master,3.22,3.6.3,3.14.0,7.1,2021.04.01,2021.04.00,2021.05.02,2.1.0,1.12,20.08,4.0.7,1.0.18,7.3.0,5.5.0,8.6.10,master,0.9.2,0.5.7,5.6.2,3.9.1,master,0.13.2,0.4.1,21.8.29,0.16,3.4.01,4.0.1,2021.3.0,5.2.1
blue,2.64.6,1.9.0,1.11.0,1.4.17,8.4p1,12.6.4,2.7.9,1.14.1,2.1.6,3.27.2,2.4.6,3.3,2.69,0.13.5,3.16.1,8.39,5.33.3,2.0.14,2.0.22,2.5.0,1.15.1,0.3.13,0.4.0,0.0.3,0.0.3,1.2.0,0.0.5,1.75.0,0.3,0.0.4,1.0.0,1.9.2,1.4.0,1.10.3,0.7.1,0.6.9,develop,9.15.0,2.0.3,0.7.17,2.2.5,1.2.9,0.14.0,2.18.2,develop,5.2.3,0.4.1,0.1.0,0.3.3,1.12.2,3.3.01,1.0,0.0.1,2.1.0,develop,0.9.1,0.9.4,3.13.5,5.2.1,3.15.4,3.0.3,4.0.2,1.17.3,2.0.3,10.20,1.6.3,2.13.94,5.15.2,1.2.3,3.0.10,1.2.1,1.4.6,0.9.10,3.1.5,6.1.3,2.0.2,1.1.0,1.20-5,legacy,1.1.0,1.16.3,2.0.2.0,1.13.0,0.5.1,1.3.0,5.0.1,0.7.1,2.2.6,3.23,3.4.0,3.15.2,7.3,master,master,master,2.0.2,1.10,20.10,4.3.1,1.0.3,7.3.0,5.7.0,8.6.5,1.3.0,1.0.0,0.6.0,5.7.1,3.10.2,2.7.1,0.14.1,0.1.0,20.9.20,0.11,3.2.00,5.2.0,2020.3.0,5.2.2
lightyellow,2.64.5,1.7.2,1.14.0,1.4.19,8.1p1,master,3.6.14,1.21,3.1.6,3.26.0,develop,3.3.1,2.59,0.13.4,3.14.4,8.39,5.30.3,2.0.11,2.1.8,2.0.1,1.16.3,0.3.11,0.5.0,0.1.0,0.1.0,1.1.1,0.1.0,1.52.0,0.4,0.1.0,1.0.2,1.8.0,1.3.0,1.8.18,0.7.0,0.7.0,0.7.1,9.13.13,2.0.4,0.7.15,2.0.2,1.3,0.12.1,2.23.0,6.0.0,5.1.5,0.3.6,0.2.2,0.5.0,master,3.1.01,master,main,2.0.0,1.0.3,0.9.2,0.4.3,3.14.5,6.1.0,3.15.2,3.1.2,4.0.3,1.19.2,2.0.2,10.36,1.6.7,2.13.93,4.8.7,1.2.2,3.0.12,1.3.1,2.3.1,0.9.9,1.1.4,6.1.4,2.1.0,1.0.0,1.24,3.0rc1,1.1.1,1.12.1,1.4.11.1,1.13.1,0.5.2,1.5.0,5.7.2,0.8.0,2.2.5,3.20,3.6.2,3.14.1,7.1,2021.04.01,2021.04.00,2021.05.01,2.1.0,1.12,21.03,4.2.5,1.0.18,9.3.1,master,8.6.6,master,0.9.1,0.5.7,5.8,3.10.0,2.7.0,0.13.2,0.3.0,17.1,0.9,3.0.00,5.8.0,develop,5.2.1
lightblue,2.66.6,1.8.2,1.8.1,1.4.17,8.6p1,12.8.1,3.9.0,1.19,4.0.1,3.32.03,2.4.6,3.0.4,2.62,0.16,3.16.5,8.40,5.26.2,2.0.12,2.1.11,1.11.10,1.15,0.2.19,main,0.0.3,0.0.4,1.2.0,0.1.0,1.76.0,0.4,0.0.4,1.0.0,1.7.4,1.3.0,1.8.12,0.7.2,develop,0.7.0,9.14.0,2.0.4,0.7.17,2.3.1,1.3.1,0.13.0,2.14.0,4.1.2,5.2.2,main,0.2.2,0.5.0,1.8.1,3.4.01,1.1,0.0.1,0.9.0,master,develop,0.6.1,3.15.4,develop,3.15.5,3.0.3,4.0.2,1.18.1,2.0.2,10.31,1.7.0,2.13.94,4.8.5,1.2.3,3.0.2,1.5.0,2.1.3,0.9.9,1.1.3,6.1.6,2.0.4,1.1.0,1.20-6,legacy,1.1.3,1.21.0,master,develop,0.5.4,1.4.3,5.6.2,develop,2.1.0,3.25,3.8.0,3.15.0,7.7,2020.10.02,2020.10.02,2021.05.02,2.1.0,1.11,18.10,4.1.4,1.0.3,7.3.0,6.0.0,8.6.4,1.2.3,1.0.0,master,5.6.2,3.10.4,master,0.14.3,0.4.0,21.8.29,master,3.1.00,3.0.0,2020.3.0,5.3.0
darkslategray,2.66.2,kitware,1.13.2,1.4.19,8.5p1,12.12.1,2.7.12,1.14.1,2.1.4,3.27.1,develop,3.1.2,2.69,0.13.5,3.16.6,8.41,5.32.1,2.0.14,2.0.21,2.4.1,1.13.4,0.3.8,0.4.0,0.1.0,0.0.3,1.1.1,0.0.5,1.78.0,0.3,0.1.0,1.0.2,1.9.4,1.4.0,1.10.4,0.6.0,0.7.0,0.7.1,9.29.0,2.0.3,0.7.13,2.3.0,1.3,develop,2.15.1,3.0.0,5.3.5,0.4.0,0.1.0,0.3.3,1.7.0,3.2.00,1.0,0.0.2,2.1.0,master,0.9.1,0.7,3.15.3,6.4.0,3.15.1,3.1.2,4.0.3,1.21.5,2.0.3,10.31,1.7.0,2.13.93,5.6.3,1.2.2,3.0.8,master,2.9.1,0.9.10,1.1.4,6.1.3,2.0.5,1.0.0,1.20-7,2.0.0,1.1.2,1.12.1,1.4.13.2,1.10.0,0.5.3,1.4.7,5.4.5,0.8.0,2.2.3,3.22,3.7.0,3.13.1,5.0,2020.10.02,2021.04.00,2021.05.01,2.0.2,1.16,develop,4.2.2,1.0.18,9.3.1,5.5.1,8.5.19,master,0.9.1,0.6.0,5.4.2,3.9.1,2.7.0,0.14.0,0.3.0,18.11.1,0.10,master,5.1.0,master,5.2.1
orangered,2.70.2,1.10.0,1.12.0,1.4.17,8.7p1,12.18.1,2.7.18,1.19,2.0.2,3.35.4,2.4.6,3.4.1,2.62,0.13.4,3.17.0,8.38,5.30.1,2.0.11,2.0.17,1.11.7,1.14.1,0.3.12,0.5.0,0.1.0,main,1.1.1,0.0.5,1.77.0,0.3,0.0.4,master,1.7.3,1.4.0,1.10.0-patch1,develop,0.7.1,develop,9.13.14,2.0.3,0.7.15,2.1.4,1.2.9,0.10.0,develop,1.0.1,5.1.5,develop,0.2.2,0.5.0,1.11.0,master,1.1,main,master,1.0.3,0.9.2,0.6.3,3.15.2,6.2.0,3.14.1,3.1.2,4.0.3,1.18.4,2.0.2,10.36,1.6.7,2.13.94,5.12.10,1.2.2,4.0.1,1.5-head,2.6.8,0.9.9,1.1.3,6.1.6,2.1.0,1.1.0,1.23,3.0rc1,1.0.3,1.16.3,2.1.9,1.12.0,0.5.5,1.4.9,5.8.0,0.7.2,2.2.4,3.25.1,3.5.0,3.14.2,6.0,2021.04.01,2020.10.02,2020.10.00,2.1.0,1.14,20.04,4.3.4,1.0.3,7.3.0,5.4.1,8.6.8,1.2.3,master,master,5.3.1,3.10.0,master,0.14.2,0.4.1,19.8.1,0.13,develop,2.6.2,2020.10.0,5.2.2
navy,2.70.2,1.10.1,1.8.0,1.4.19,8.4p1,13.0.0,3.8.1,1.21,4.1.1,3.30.1,develop,3.4.2,2.59,0.16,3.20.2,8.42,5.31.7,2.0.12,2.1.12,1.9,1.16.1,0.3.16,0.3.0,0.0.3,0.1.0,1.2.0,0.1.0,1.73.0,0.4,0.1.0,1.0.1,1.9.5,1.3.0,1.10.2,0.7.2,0.6.9,0.7.0,main,2.0.4,0.7.12,2.3.0,1.3.1,0.14.0,2.20.0,4.0.1,5.2.3,0.4.0,0.1.0,0.3.3,1.12.1,3.1.00,master,0.1.0,1.0.0,develop,develop,0.5,3.16.2,5.1.3,3.15.1,3.0.3,4.0.2,1.20.1,2.0.3,10.20,1.6.3,2.13.93,5.14.2,1.2.3,4.0.0,1.4.0,2.3.1,0.9.10,3.1.5,6.1.4,2.0.2,1.0.0,1.20-3,3.0rc2,1.0.3,1.21.0,1.4.13.0,1.13.0,develop,1.3.8,5.5.1,0.7.1,master,3.19,develop,3.15.1,5.1,master,master,master,2.0.2,1.15,20.02,4.3.1,1.0.18,9.3.1,6.0.0.1,8.6.11,1.3.0,0.9.2,0.5.7,5.1.1,3.10.2,2.7.1,develop,0.1.0,17.1,develop,3.4.01,5.0.0,2021.3.0,5.3.0
mistyrose,2.66.6,1.6.0,1.9.1,1.4.17,8.3p1,12.10.1,3.8.5,1.14.1,4.0.2,3.30.0,develop,3.3.2,2.69,0.13.4,3.15.5,8.44,5.30.2,2.0.14,2.0.22,1.11.5,1.16.2,0.3.9,0.4.0,0.0.3,main,1.1.1,0.1.0,1.69.0,0.3,0.0.4,master,master,1.4.0,1.12.0,develop,0.7.1,0.7.1,9.29.0,2.0.4,0.7.12,2.0.2,1.2.9,develop,2.20.0,5.0.0,5.2.3,main,0.1.0,0.3.3,1.10.0,3.4.00,master,0.0.2,2.0.1,develop,develop,0.6,3.14.6,5.4.0,3.14.1,3.0.3,4.0.2,1.20.0,2.0.3,10.36,1.7.0,2.13.94,5.15.2,1.2.3,1.3.40,1.3.1,1.4.6,0.9.9,1.1.4,6.1.3,2.1.0,1.1.0,1.20-7,3.0rc1,1.1.1,1.16.3,2.1.11,1.13.1,0.5.4,1.4.4,5.7.2,0.7.2,2.2.0,3.24,3.8.0,3.16.1,develop,2021.04.01,2021.04.00,2021.05.01,2.0.2,1.12,21.07,4.3.2,1.0.18,7.3.0,5.4.3,8.6.3,1.3.0,master,0.6.0,5.6.2,3.10.2,master,0.12.0,0.4.0,19.8.1,0.14,develop,3.1.2,2020.11.0,5.2.2
limegreen,2.64.6,master,1.7.1,1.4.19,7.9p1,13.0.1,3.5.5,1.19,3.1.0,3.27.2,2.4.6,3.4,2.62,0.13.5,3.1.0,8.43,5.35.0,2.0.12,2.0.20,2.0.0,1.15.1,0.2.18,main,0.1.0,0.1.0,1.2.0,0.0.5,1.65.1,0.4,0.1.0,1.0.1,1.9.3,1.3.0,develop-1.8,0.7.0,develop,0.7.0,9.15.0,2.0.3,0.7.15,2.2.5,1.3,0.10.0,2.18.2,4.1.1,5.1.5,0.3.6,0.2.2,0.5.0,1.9.0,3.0.00,1.0,0.1.0,1.0.1,1.0.3,0.9.2,0.5.1,3.14.0,6.0.0,3.15.2,3.1.2,4.0.3,1.19.5,2.0.2,10.31,1.6.7,2.13.93,5.12.10,1.2.2,4.0.2-fortran,1.2.1,2.1.3,0.9.10,3.1.5,6.1.4,2.0.4,1.0.0,1.23,3.0rc2,1.1.0,1.12.1,1.4.10.0,1.12.0,0.5.3,1.1.2,5.5.1,0.7.1,2.2.2,3.18.1,3.6.2,3.16.0,7.0,master,2020.10.02,2021.05.02,2.1.0,1.14,21.04,4.0.6,1.0.3,9.3.1,5.3.0,8.6.6,1.2.3,1.0.0,0.5.7,5.3.1,3.9.1,2.7.1,0.13.3,0.1.0,21.8.29,0.17,3.2.00,4.1.0,2021.9.0,5.3.0
lightcoral,2.64.5,1.10.2,1.6.2,1.4.17,8.6p1,12.14.1,2.7.13,1.21,4.1.2,3.27.1,2.4.6,3.1.1,2.59,0.16,3.20.3,8.42,5.32.0,2.0.11,2.0.21,1.11.4,1.16.2,0.3.14,0.5.0,0.1.0,0.0.3,1.1.1,0.0.5,1.57.0,0.4,0.0.4,1.0.2,1.9.0,1.3.0,1.8.22,0.6.0,0.7.0,develop,main,2.0.4,0.7.13,2.3.1,1.3.1,0.13.0,2.23.0,5.0.1,5.3.5,0.4.1,0.2.2,0.3.3,1.11.2,develop,1.1,0.0.1,2.1.0,master,0.9.1,0.4.5,3.13.3,5.1.2,3.15.4,3.1.2,4.0.3,1.17.4,2.0.2,10.20,1.6.3,2.13.94,4.8.7,1.2.3,fortran,1.4.0,2.9.1,0.9.10,1.1.3,6.1.6,2.0.5,1.0.0,1.20-2,legacy,1.1.2,1.21.0,2.1.12,1.10.0,0.5.2,1.3.0,5.6.2,0.8.0,2.2.1,3.21,develop,3.13.0,7.5,2020.10.02,master,2020.10.00,2.0.2,1.11,21.06,4.0.5,1.0.18,7.3.0,5.6.0,8.6.5,master,0.9.1,master,5.1.1,3.10.4,2.7.0,0.13.0,0.4.1,20.9.20,0.15,master,develop,2020.3.0,5.2.1
grey,2.66.2,kitware,1.13.2,1.4.19,8.3p1,12.6.2,3.4.3,1.19,3.1.4,3.29.0,develop,3.1,2.59,0.16,3.16.1,8.39,5.33.3,2.0.12,2.1.12,1.11.9,1.15.1,0.2.20,0.3.0,0.0.3,0.0.4,1.2.0,0.1.0,1.60.0,0.3,0.1.0,1.0.0,1.6.0,1.4.0,1.8.10,0.7.1,0.6.9,0.7.1,9.14.0,2.0.3,0.7.17,2.1.4,1.2.9,0.12.1,2.14.0,4.1.0,5.2.2,develop,0.1.0,0.5.0,1.11.1,master,master,main,1.0.1,1.0.3,0.9.1,0.6,3.15.5,5.1.0,3.15.5,3.0.3,4.0.2,1.21.5,2.0.3,10.20,1.7.0,2.13.93,5.14.2,1.2.2,2.0.12,1.5.0,2.6.8,0.9.9,1.1.3,6.1.4,2.0.2,1.1.0,1.20-4,2.0.0,1.1.3,1.12.1,2.1.8.3,develop,develop,1.4.2,5.4.5,develop,2.2.6,3.22.1,3.6.3,3.14.0,7.1,2021.04.01,2021.04.00,master,2.1.0,1.10,20.06,4.3.0,1.0.3,9.3.1,5.5.0,8.5.19,1.3.0,0.9.2,master,5.7.1,3.10.0,master,0.11.1,0.3.0,18.11.1,0.10,3.4.01,5.5.0,2020.10.0,5.3.0
